1DDX5PR1_TK	12	regions	2	gaps	84.54%	coverage	40
1DDX5PS1_TK	18	regions	8	gaps	83.28%	coverage	40
1DDX5PS2_TK	20	regions	9	gaps	89.66%	coverage	40
1DDX5PS3_TK	14	regions	6	gaps	72.99%	coverage	40
1_FEH_TK	14	regions	6	gaps	78.17%	coverage	40
1_FFT_TK	17	regions	8	gaps	81.49%	coverage	40
1_SST_TK	15	regions	5	gaps	84.93%	coverage	40
2cMDE24CS1_TK	6	regions	2	gaps	75.06%	coverage	40
2cMDE4PCT1_TK	11	regions	1	gap	85.13%	coverage	40
3H3MC1_TK	8	regions	3	gaps	78.69%	coverage	40
3H3MCR1_TK	8	regions	1	gap	83.29%	coverage	40
3H3MCR2_TK	8	regions	1	gap	78.69%	coverage	40
3H3MCR3_TK	8	regions	2	gaps	89.6%	coverage	40
3H3MCR4_TK	6	regions	2	gaps	62.05%	coverage	40
3H3MCR5_TK	6	regions	1	gap	79.07%	coverage	40
3H3MCS1_TK	9	regions	2	gaps	78.73%	coverage	40
4C5DP2CMDEK1_TK	13	regions	4	gaps	86.11%	coverage	40
4H3M2EDPR1_TK	11	regions	4	gaps	73.82%	coverage	40
4H3M2EDPR2_TK	4	regions	1	gap	57.8%	coverage	40
4H3M2EDPR3_TK	11	regions	4	gaps	72.94%	coverage	40
A20AN1_TK	2	regions	0	gaps	42.31%	coverage	40
ACC1_TK	8	regions	3	gaps	63.16%	coverage	40
ACC2_TK	11	regions	5	gaps	80.07%	coverage	40
ACC3_TK	19	regions	6	gaps	88.41%	coverage	40
ACT1_TK	6	regions	2	gaps	70.55%	coverage	40
ADPATC2_TK	6	regions	1	gap	66.93%	coverage	40
ALS_TK	58	regions	22	gaps	88.83%	coverage	40
ARFA1F2_TK	5	regions	2	gaps	71.01%	coverage	40
C72_TK	2	regions	0	gaps	49.05%	coverage	40
CASP1_TK	5	regions	0	gaps	72.68%	coverage	40
CCT1_TK	4	regions	1	gap	68.13%	coverage	40
CDPK13_TK	10	regions	1	gap	83.5%	coverage	40
CO_TK	7	regions	3	gaps	79.31%	coverage	40
CPIP_TK	6	regions	2	gaps	63.22%	coverage	40
CPT1_1_TK	4	regions	1	gap	57.98%	coverage	40
CPT2_TK	4	regions	1	gap	65.71%	coverage	40
CPT3_TK	4	regions	1	gap	54.28%	coverage	40
CYP716A263_TK	10	regions	4	gaps	79.4%	coverage	40
CYP716D60_TK	13	regions	4	gaps	84.99%	coverage	40
DHDDS_TK	4	regions	1	gap	69.65%	coverage	40
DOG_1_TK	6	regions	2	gaps	81.91%	coverage	40
DREB_TK	5	regions	2	gaps	76.74%	coverage	40
DnaJP2_TK	10	regions	3	gaps	83.09%	coverage	40
EG_TK	15	regions	3	gaps	85.86%	coverage	40
EH_TK	5	regions	1	gap	68.84%	coverage	40
ERF_TK	4	regions	1	gap	70.1%	coverage	40
ETR1_TK	14	regions	6	gaps	73.52%	coverage	40
FDPS1_TK	12	regions	3	gaps	86.08%	coverage	40
FDPS2_TK	11	regions	4	gaps	81.9%	coverage	40
FTC_TK	37	regions	11	gaps	88.76%	coverage	40
FT_TK	15	regions	5	gaps	84.89%	coverage	40
GDPS1_TK	14	regions	3	gaps	88.17%	coverage	40
GGDPS1_TK	6	regions	2	gaps	81.14%	coverage	40
GGDPS2_TK	6	regions	1	gap	71.37%	coverage	40
HSCP70-1_TK	8	regions	2	gaps	74.2%	coverage	40
IPDPI2_TK	8	regions	1	gap	78.77%	coverage	40
IPPK_TK	4	regions	0	gaps	68.6%	coverage	40
MDPD_TK	9	regions	2	gaps	78.77%	coverage	40
MK1_TK	12	regions	4	gaps	83.37%	coverage	40
MLL_TK	3	regions	1	gap	66.92%	coverage	40
MLP28_TK	3	regions	0	gaps	73.47%	coverage	40
OC1_TK	37	regions	13	gaps	86.77%	coverage	40
OC2_TK	32	regions	10	gaps	83.22%	coverage	40
OC3_TK	19	regions	5	gaps	86.78%	coverage	40
OC4_TK	19	regions	4	gaps	89.39%	coverage	40
OC5_TK	28	regions	10	gaps	87.99%	coverage	40
OC6_TK	27	regions	11	gaps	85.02%	coverage	40
PCK_TK	4	regions	1	gap	68.85%	coverage	40
PEC2_TK	8	regions	3	gaps	77.19%	coverage	40
PIRL_TK	9	regions	3	gaps	75.39%	coverage	40
PK1_TK	4	regions	1	gap	50.27%	coverage	40
PMEI_TK	10	regions	4	gaps	75.97%	coverage	40
PMIP1B_TK	6	regions	1	gap	79.32%	coverage	40
PP2A-3_TK	15	regions	6	gaps	81.39%	coverage	40
PPMK1_TK	10	regions	0	gaps	84.4%	coverage	40
PPMK2_TK	12	regions	2	gaps	84.12%	coverage	40
PPO_TK	8	regions	2	gaps	75.5%	coverage	40
PTRP1_TK	4	regions	1	gap	59.62%	coverage	40
PUCP7_TK	7	regions	0	gaps	85.4%	coverage	40
RBP45A_TK	13	regions	3	gaps	81.65%	coverage	40
REF_TK	6	regions	1	gap	73.54%	coverage	40
SAS1_TK	4	regions	1	gap	56.39%	coverage	40
SOC1_TK	17	regions	7	gaps	87.96%	coverage	40
SQE1_TK	14	regions	3	gaps	81.17%	coverage	40
SQE2_TK	13	regions	5	gaps	89.38%	coverage	40
SQE3_TK	13	regions	4	gaps	87.83%	coverage	40
SQE4_TK	12	regions	5	gaps	74.97%	coverage	40
SQS1_TK	16	regions	3	gaps	88.1%	coverage	40
SQS2_TK	14	regions	2	gaps	88.8%	coverage	40
SRPP3_TK	5	regions	1	gap	73.15%	coverage	40
SRPP4_TK	10	regions	4	gaps	84.08%	coverage	40
SRPP5_TK	3	regions	0	gaps	65.88%	coverage	40
SRPP6_TK	4	regions	1	gap	61.05%	coverage	40
SRRP1_TK	2	regions	0	gaps	65.22%	coverage	40
SRRP2_TK	6	regions	2	gaps	77.49%	coverage	40
STKWNK_TK	2	regions	0	gaps	41.74%	coverage	40
SYP124_TK	4	regions	0	gaps	62.41%	coverage	40
TCTP1_TK	2	regions	0	gaps	43.38%	coverage	40
TCTP2_TK	3	regions	1	gap	58.99%	coverage	40
TLP_TK	3	regions	1	gap	60.08%	coverage	40
UCE9_TK	3	regions	1	gap	62.55%	coverage	40
VPE_TK	19	regions	7	gaps	82.77%	coverage	40
cluster_4H3M2EDPR_TK	11	regions	4	gaps	73.82%	coverage	40
cluster_CPT_TK	4	regions	1	gap	57.98%	coverage	40
cluster_GGDPS_TK	6	regions	2	gaps	81.14%	coverage	40
e4H3M2EDPS1_TK	16	regions	7	gaps	80.63%	coverage	40
1DDX5PR1_TK	12	regions	2	gaps	84.54%	coverage	45
1DDX5PS1_TK	18	regions	8	gaps	83.28%	coverage	45
1DDX5PS2_TK	20	regions	9	gaps	89.66%	coverage	45
1DDX5PS3_TK	14	regions	6	gaps	72.99%	coverage	45
1_FEH_TK	14	regions	6	gaps	78.17%	coverage	45
1_FFT_TK	17	regions	8	gaps	81.49%	coverage	45
1_SST_TK	15	regions	5	gaps	84.93%	coverage	45
2cMDE24CS1_TK	6	regions	2	gaps	75.06%	coverage	45
2cMDE4PCT1_TK	11	regions	1	gap	85.13%	coverage	45
3H3MC1_TK	8	regions	3	gaps	78.69%	coverage	45
3H3MCR1_TK	8	regions	1	gap	83.29%	coverage	45
3H3MCR2_TK	8	regions	1	gap	78.69%	coverage	45
3H3MCR3_TK	8	regions	2	gaps	89.6%	coverage	45
3H3MCR4_TK	6	regions	2	gaps	62.05%	coverage	45
3H3MCR5_TK	6	regions	1	gap	79.07%	coverage	45
3H3MCS1_TK	9	regions	2	gaps	78.73%	coverage	45
4C5DP2CMDEK1_TK	13	regions	4	gaps	86.11%	coverage	45
4H3M2EDPR1_TK	11	regions	4	gaps	73.82%	coverage	45
4H3M2EDPR2_TK	4	regions	1	gap	57.8%	coverage	45
4H3M2EDPR3_TK	11	regions	4	gaps	72.94%	coverage	45
A20AN1_TK	2	regions	0	gaps	42.31%	coverage	45
ACC1_TK	8	regions	3	gaps	63.16%	coverage	45
ACC2_TK	11	regions	5	gaps	80.07%	coverage	45
ACC3_TK	19	regions	6	gaps	88.41%	coverage	45
ACT1_TK	6	regions	2	gaps	70.55%	coverage	45
ADPATC2_TK	6	regions	1	gap	66.93%	coverage	45
ALS_TK	58	regions	22	gaps	88.83%	coverage	45
ARFA1F2_TK	5	regions	2	gaps	71.01%	coverage	45
C72_TK	2	regions	0	gaps	49.05%	coverage	45
CASP1_TK	5	regions	0	gaps	72.68%	coverage	45
CCT1_TK	4	regions	1	gap	68.13%	coverage	45
CDPK13_TK	10	regions	1	gap	83.5%	coverage	45
CO_TK	7	regions	3	gaps	79.31%	coverage	45
CPIP_TK	6	regions	2	gaps	63.22%	coverage	45
CPT1_1_TK	4	regions	1	gap	57.98%	coverage	45
CPT2_TK	4	regions	1	gap	65.71%	coverage	45
CPT3_TK	4	regions	1	gap	54.28%	coverage	45
CYP716A263_TK	10	regions	4	gaps	79.4%	coverage	45
CYP716D60_TK	13	regions	4	gaps	84.99%	coverage	45
DHDDS_TK	4	regions	1	gap	69.65%	coverage	45
DOG_1_TK	6	regions	2	gaps	81.91%	coverage	45
DREB_TK	5	regions	2	gaps	76.74%	coverage	45
DnaJP2_TK	10	regions	3	gaps	83.09%	coverage	45
EG_TK	15	regions	3	gaps	85.86%	coverage	45
EH_TK	5	regions	1	gap	68.84%	coverage	45
ERF_TK	4	regions	1	gap	70.1%	coverage	45
ETR1_TK	14	regions	6	gaps	73.52%	coverage	45
FDPS1_TK	12	regions	3	gaps	86.08%	coverage	45
FDPS2_TK	11	regions	4	gaps	81.9%	coverage	45
FTC_TK	37	regions	11	gaps	88.76%	coverage	45
FT_TK	15	regions	5	gaps	84.89%	coverage	45
GDPS1_TK	14	regions	3	gaps	88.17%	coverage	45
GGDPS1_TK	6	regions	2	gaps	81.14%	coverage	45
GGDPS2_TK	6	regions	1	gap	71.37%	coverage	45
HSCP70-1_TK	8	regions	2	gaps	74.2%	coverage	45
IPDPI2_TK	8	regions	1	gap	78.77%	coverage	45
IPPK_TK	4	regions	0	gaps	68.6%	coverage	45
MDPD_TK	9	regions	2	gaps	78.77%	coverage	45
MK1_TK	12	regions	4	gaps	83.37%	coverage	45
MLL_TK	3	regions	1	gap	66.92%	coverage	45
MLP28_TK	3	regions	0	gaps	73.47%	coverage	45
OC1_TK	37	regions	13	gaps	86.77%	coverage	45
OC2_TK	32	regions	10	gaps	83.22%	coverage	45
OC3_TK	19	regions	5	gaps	86.78%	coverage	45
OC4_TK	19	regions	4	gaps	89.39%	coverage	45
OC5_TK	28	regions	10	gaps	87.99%	coverage	45
OC6_TK	27	regions	11	gaps	85.02%	coverage	45
PCK_TK	4	regions	1	gap	68.85%	coverage	45
PEC2_TK	8	regions	3	gaps	77.19%	coverage	45
PIRL_TK	9	regions	3	gaps	75.39%	coverage	45
PK1_TK	4	regions	1	gap	50.27%	coverage	45
PMEI_TK	10	regions	4	gaps	75.97%	coverage	45
PMIP1B_TK	6	regions	1	gap	79.32%	coverage	45
PP2A-3_TK	15	regions	6	gaps	81.39%	coverage	45
PPMK1_TK	10	regions	0	gaps	84.4%	coverage	45
PPMK2_TK	12	regions	2	gaps	84.12%	coverage	45
PPO_TK	8	regions	2	gaps	75.5%	coverage	45
PTRP1_TK	4	regions	1	gap	59.62%	coverage	45
PUCP7_TK	7	regions	0	gaps	85.4%	coverage	45
RBP45A_TK	13	regions	3	gaps	81.65%	coverage	45
REF_TK	6	regions	1	gap	73.54%	coverage	45
SAS1_TK	4	regions	1	gap	56.39%	coverage	45
SOC1_TK	17	regions	7	gaps	87.96%	coverage	45
SQE1_TK	14	regions	3	gaps	81.17%	coverage	45
SQE2_TK	13	regions	5	gaps	89.38%	coverage	45
SQE3_TK	13	regions	4	gaps	87.83%	coverage	45
SQE4_TK	12	regions	5	gaps	74.97%	coverage	45
SQS1_TK	16	regions	3	gaps	88.1%	coverage	45
SQS2_TK	14	regions	2	gaps	88.8%	coverage	45
SRPP3_TK	5	regions	1	gap	73.15%	coverage	45
SRPP4_TK	10	regions	4	gaps	84.08%	coverage	45
SRPP5_TK	3	regions	0	gaps	65.88%	coverage	45
SRPP6_TK	4	regions	1	gap	61.05%	coverage	45
SRRP1_TK	2	regions	0	gaps	65.22%	coverage	45
SRRP2_TK	6	regions	2	gaps	77.49%	coverage	45
STKWNK_TK	2	regions	0	gaps	41.74%	coverage	45
SYP124_TK	4	regions	0	gaps	62.41%	coverage	45
TCTP1_TK	2	regions	0	gaps	43.38%	coverage	45
TCTP2_TK	3	regions	1	gap	58.99%	coverage	45
TLP_TK	3	regions	1	gap	60.08%	coverage	45
UCE9_TK	3	regions	1	gap	62.55%	coverage	45
VPE_TK	19	regions	7	gaps	82.77%	coverage	45
cluster_4H3M2EDPR_TK	11	regions	4	gaps	73.82%	coverage	45
cluster_CPT_TK	4	regions	1	gap	57.98%	coverage	45
cluster_GGDPS_TK	6	regions	2	gaps	81.14%	coverage	45
e4H3M2EDPS1_TK	16	regions	7	gaps	80.63%	coverage	45
1DDX5PR1_TK	12	regions	2	gaps	84.54%	coverage	50
1DDX5PS1_TK	18	regions	8	gaps	83.28%	coverage	50
1DDX5PS2_TK	20	regions	9	gaps	89.66%	coverage	50
1DDX5PS3_TK	14	regions	6	gaps	72.99%	coverage	50
1_FEH_TK	14	regions	6	gaps	78.17%	coverage	50
1_FFT_TK	17	regions	8	gaps	81.49%	coverage	50
1_SST_TK	15	regions	5	gaps	84.93%	coverage	50
2cMDE24CS1_TK	6	regions	2	gaps	75.06%	coverage	50
2cMDE4PCT1_TK	11	regions	1	gap	85.13%	coverage	50
3H3MC1_TK	8	regions	3	gaps	78.69%	coverage	50
3H3MCR1_TK	8	regions	1	gap	83.29%	coverage	50
3H3MCR2_TK	8	regions	1	gap	78.69%	coverage	50
3H3MCR3_TK	8	regions	2	gaps	89.6%	coverage	50
3H3MCR4_TK	6	regions	2	gaps	62.05%	coverage	50
3H3MCR5_TK	6	regions	1	gap	79.07%	coverage	50
3H3MCS1_TK	9	regions	2	gaps	78.73%	coverage	50
4C5DP2CMDEK1_TK	13	regions	4	gaps	86.11%	coverage	50
4H3M2EDPR1_TK	11	regions	4	gaps	73.82%	coverage	50
4H3M2EDPR2_TK	4	regions	1	gap	57.8%	coverage	50
4H3M2EDPR3_TK	11	regions	4	gaps	72.94%	coverage	50
A20AN1_TK	2	regions	0	gaps	42.31%	coverage	50
ACC1_TK	8	regions	3	gaps	63.16%	coverage	50
ACC2_TK	11	regions	5	gaps	80.07%	coverage	50
ACC3_TK	19	regions	6	gaps	88.41%	coverage	50
ACT1_TK	6	regions	2	gaps	70.55%	coverage	50
ADPATC2_TK	6	regions	1	gap	66.93%	coverage	50
ALS_TK	58	regions	22	gaps	88.83%	coverage	50
ARFA1F2_TK	5	regions	2	gaps	71.01%	coverage	50
C72_TK	2	regions	0	gaps	49.05%	coverage	50
CASP1_TK	5	regions	0	gaps	72.68%	coverage	50
CCT1_TK	4	regions	1	gap	68.13%	coverage	50
CDPK13_TK	10	regions	1	gap	83.5%	coverage	50
CO_TK	7	regions	3	gaps	79.31%	coverage	50
CPIP_TK	6	regions	2	gaps	63.22%	coverage	50
CPT1_1_TK	4	regions	1	gap	57.98%	coverage	50
CPT2_TK	4	regions	1	gap	65.71%	coverage	50
CPT3_TK	4	regions	1	gap	54.28%	coverage	50
CYP716A263_TK	10	regions	4	gaps	79.4%	coverage	50
CYP716D60_TK	13	regions	4	gaps	84.99%	coverage	50
DHDDS_TK	4	regions	1	gap	69.65%	coverage	50
DOG_1_TK	6	regions	2	gaps	81.91%	coverage	50
DREB_TK	5	regions	2	gaps	76.74%	coverage	50
DnaJP2_TK	10	regions	3	gaps	83.09%	coverage	50
EG_TK	15	regions	3	gaps	85.86%	coverage	50
EH_TK	5	regions	1	gap	68.84%	coverage	50
ERF_TK	4	regions	1	gap	70.1%	coverage	50
ETR1_TK	14	regions	6	gaps	73.52%	coverage	50
FDPS1_TK	12	regions	3	gaps	86.08%	coverage	50
FDPS2_TK	11	regions	4	gaps	81.9%	coverage	50
FTC_TK	37	regions	11	gaps	88.76%	coverage	50
FT_TK	15	regions	5	gaps	84.89%	coverage	50
GDPS1_TK	14	regions	3	gaps	88.17%	coverage	50
GGDPS1_TK	6	regions	2	gaps	81.14%	coverage	50
GGDPS2_TK	6	regions	1	gap	71.37%	coverage	50
HSCP70-1_TK	8	regions	2	gaps	74.2%	coverage	50
IPDPI2_TK	8	regions	1	gap	78.77%	coverage	50
IPPK_TK	4	regions	0	gaps	68.6%	coverage	50
MDPD_TK	9	regions	2	gaps	78.77%	coverage	50
MK1_TK	12	regions	4	gaps	83.37%	coverage	50
MLL_TK	3	regions	1	gap	66.92%	coverage	50
MLP28_TK	3	regions	0	gaps	73.47%	coverage	50
OC1_TK	37	regions	13	gaps	86.77%	coverage	50
OC2_TK	32	regions	10	gaps	83.22%	coverage	50
OC3_TK	19	regions	5	gaps	86.78%	coverage	50
OC4_TK	19	regions	4	gaps	89.39%	coverage	50
OC5_TK	28	regions	10	gaps	87.99%	coverage	50
OC6_TK	27	regions	11	gaps	85.02%	coverage	50
PCK_TK	4	regions	1	gap	68.85%	coverage	50
PEC2_TK	8	regions	3	gaps	77.19%	coverage	50
PIRL_TK	9	regions	3	gaps	75.39%	coverage	50
PK1_TK	4	regions	1	gap	50.27%	coverage	50
PMEI_TK	10	regions	4	gaps	75.97%	coverage	50
PMIP1B_TK	6	regions	1	gap	79.32%	coverage	50
PP2A-3_TK	15	regions	6	gaps	81.39%	coverage	50
PPMK1_TK	10	regions	0	gaps	84.4%	coverage	50
PPMK2_TK	12	regions	2	gaps	84.12%	coverage	50
PPO_TK	8	regions	2	gaps	75.5%	coverage	50
PTRP1_TK	4	regions	1	gap	59.62%	coverage	50
PUCP7_TK	7	regions	0	gaps	85.4%	coverage	50
RBP45A_TK	13	regions	3	gaps	81.65%	coverage	50
REF_TK	6	regions	1	gap	73.54%	coverage	50
SAS1_TK	4	regions	1	gap	56.39%	coverage	50
SOC1_TK	17	regions	7	gaps	87.96%	coverage	50
SQE1_TK	14	regions	3	gaps	81.17%	coverage	50
SQE2_TK	13	regions	5	gaps	89.38%	coverage	50
SQE3_TK	13	regions	4	gaps	87.83%	coverage	50
SQE4_TK	12	regions	5	gaps	74.97%	coverage	50
SQS1_TK	16	regions	3	gaps	88.1%	coverage	50
SQS2_TK	14	regions	2	gaps	88.8%	coverage	50
SRPP3_TK	5	regions	1	gap	73.15%	coverage	50
SRPP4_TK	10	regions	4	gaps	84.08%	coverage	50
SRPP5_TK	3	regions	0	gaps	65.88%	coverage	50
SRPP6_TK	4	regions	1	gap	61.05%	coverage	50
SRRP1_TK	2	regions	0	gaps	65.22%	coverage	50
SRRP2_TK	6	regions	2	gaps	77.49%	coverage	50
STKWNK_TK	2	regions	0	gaps	41.74%	coverage	50
SYP124_TK	4	regions	0	gaps	62.41%	coverage	50
TCTP1_TK	2	regions	0	gaps	43.38%	coverage	50
TCTP2_TK	3	regions	1	gap	58.99%	coverage	50
TLP_TK	3	regions	1	gap	60.08%	coverage	50
UCE9_TK	3	regions	1	gap	62.55%	coverage	50
VPE_TK	19	regions	7	gaps	82.77%	coverage	50
cluster_4H3M2EDPR_TK	11	regions	4	gaps	73.82%	coverage	50
cluster_CPT_TK	4	regions	1	gap	57.98%	coverage	50
cluster_GGDPS_TK	6	regions	2	gaps	81.14%	coverage	50
e4H3M2EDPS1_TK	16	regions	7	gaps	80.63%	coverage	50
1DDX5PR1_TK	12	regions	2	gaps	84.54%	coverage	55
1DDX5PS1_TK	18	regions	8	gaps	83.28%	coverage	55
1DDX5PS2_TK	20	regions	9	gaps	89.66%	coverage	55
1DDX5PS3_TK	14	regions	6	gaps	72.99%	coverage	55
1_FEH_TK	14	regions	6	gaps	78.17%	coverage	55
1_FFT_TK	17	regions	8	gaps	81.49%	coverage	55
1_SST_TK	15	regions	5	gaps	84.93%	coverage	55
2cMDE24CS1_TK	6	regions	2	gaps	75.06%	coverage	55
2cMDE4PCT1_TK	11	regions	1	gap	85.13%	coverage	55
3H3MC1_TK	8	regions	3	gaps	78.69%	coverage	55
3H3MCR1_TK	8	regions	1	gap	83.29%	coverage	55
3H3MCR2_TK	8	regions	1	gap	78.69%	coverage	55
3H3MCR3_TK	8	regions	2	gaps	89.6%	coverage	55
3H3MCR4_TK	6	regions	2	gaps	62.05%	coverage	55
3H3MCR5_TK	6	regions	1	gap	79.07%	coverage	55
3H3MCS1_TK	9	regions	2	gaps	78.73%	coverage	55
4C5DP2CMDEK1_TK	13	regions	4	gaps	86.11%	coverage	55
4H3M2EDPR1_TK	11	regions	4	gaps	73.82%	coverage	55
4H3M2EDPR2_TK	4	regions	1	gap	57.8%	coverage	55
4H3M2EDPR3_TK	11	regions	4	gaps	72.94%	coverage	55
A20AN1_TK	2	regions	0	gaps	42.31%	coverage	55
ACC1_TK	8	regions	3	gaps	63.16%	coverage	55
ACC2_TK	11	regions	5	gaps	80.07%	coverage	55
ACC3_TK	19	regions	6	gaps	88.41%	coverage	55
ACT1_TK	6	regions	2	gaps	70.55%	coverage	55
ADPATC2_TK	6	regions	1	gap	66.93%	coverage	55
ALS_TK	58	regions	22	gaps	88.83%	coverage	55
ARFA1F2_TK	5	regions	2	gaps	71.01%	coverage	55
C72_TK	2	regions	0	gaps	49.05%	coverage	55
CASP1_TK	5	regions	0	gaps	72.68%	coverage	55
CCT1_TK	4	regions	1	gap	68.13%	coverage	55
CDPK13_TK	10	regions	1	gap	83.5%	coverage	55
CO_TK	7	regions	3	gaps	79.31%	coverage	55
CPIP_TK	6	regions	2	gaps	63.22%	coverage	55
CPT1_1_TK	4	regions	1	gap	57.98%	coverage	55
CPT2_TK	4	regions	1	gap	65.71%	coverage	55
CPT3_TK	4	regions	1	gap	54.28%	coverage	55
CYP716A263_TK	10	regions	4	gaps	79.4%	coverage	55
CYP716D60_TK	13	regions	4	gaps	84.99%	coverage	55
DHDDS_TK	4	regions	1	gap	69.65%	coverage	55
DOG_1_TK	6	regions	2	gaps	81.91%	coverage	55
DREB_TK	5	regions	2	gaps	76.74%	coverage	55
DnaJP2_TK	10	regions	3	gaps	83.09%	coverage	55
EG_TK	15	regions	3	gaps	85.86%	coverage	55
EH_TK	5	regions	1	gap	68.84%	coverage	55
ERF_TK	4	regions	1	gap	70.1%	coverage	55
ETR1_TK	14	regions	6	gaps	73.52%	coverage	55
FDPS1_TK	12	regions	3	gaps	86.08%	coverage	55
FDPS2_TK	11	regions	4	gaps	81.9%	coverage	55
FTC_TK	37	regions	11	gaps	88.76%	coverage	55
FT_TK	15	regions	5	gaps	84.89%	coverage	55
GDPS1_TK	14	regions	3	gaps	88.17%	coverage	55
GGDPS1_TK	6	regions	2	gaps	81.14%	coverage	55
GGDPS2_TK	6	regions	1	gap	71.37%	coverage	55
HSCP70-1_TK	8	regions	2	gaps	74.2%	coverage	55
IPDPI2_TK	8	regions	1	gap	78.77%	coverage	55
IPPK_TK	4	regions	0	gaps	68.6%	coverage	55
MDPD_TK	9	regions	2	gaps	78.77%	coverage	55
MK1_TK	12	regions	4	gaps	83.37%	coverage	55
MLL_TK	3	regions	1	gap	66.92%	coverage	55
MLP28_TK	3	regions	0	gaps	73.47%	coverage	55
OC1_TK	37	regions	13	gaps	86.77%	coverage	55
OC2_TK	32	regions	10	gaps	83.22%	coverage	55
OC3_TK	19	regions	5	gaps	86.78%	coverage	55
OC4_TK	19	regions	4	gaps	89.39%	coverage	55
OC5_TK	28	regions	10	gaps	87.99%	coverage	55
OC6_TK	27	regions	11	gaps	85.02%	coverage	55
PCK_TK	4	regions	1	gap	68.85%	coverage	55
PEC2_TK	8	regions	3	gaps	77.19%	coverage	55
PIRL_TK	9	regions	3	gaps	75.39%	coverage	55
PK1_TK	4	regions	1	gap	50.27%	coverage	55
PMEI_TK	10	regions	4	gaps	75.97%	coverage	55
PMIP1B_TK	6	regions	1	gap	79.32%	coverage	55
PP2A-3_TK	15	regions	6	gaps	81.39%	coverage	55
PPMK1_TK	10	regions	0	gaps	84.4%	coverage	55
PPMK2_TK	12	regions	2	gaps	84.12%	coverage	55
PPO_TK	8	regions	2	gaps	75.5%	coverage	55
PTRP1_TK	4	regions	1	gap	59.62%	coverage	55
PUCP7_TK	7	regions	0	gaps	85.4%	coverage	55
RBP45A_TK	13	regions	3	gaps	81.65%	coverage	55
REF_TK	6	regions	1	gap	73.54%	coverage	55
SAS1_TK	4	regions	1	gap	56.39%	coverage	55
SOC1_TK	17	regions	7	gaps	87.96%	coverage	55
SQE1_TK	14	regions	3	gaps	81.17%	coverage	55
SQE2_TK	13	regions	5	gaps	89.38%	coverage	55
SQE3_TK	13	regions	4	gaps	87.83%	coverage	55
SQE4_TK	12	regions	5	gaps	74.97%	coverage	55
SQS1_TK	16	regions	3	gaps	88.1%	coverage	55
SQS2_TK	14	regions	2	gaps	88.8%	coverage	55
SRPP3_TK	5	regions	1	gap	73.15%	coverage	55
SRPP4_TK	10	regions	4	gaps	84.08%	coverage	55
SRPP5_TK	3	regions	0	gaps	65.88%	coverage	55
SRPP6_TK	4	regions	1	gap	61.05%	coverage	55
SRRP1_TK	2	regions	0	gaps	65.22%	coverage	55
SRRP2_TK	6	regions	2	gaps	77.49%	coverage	55
STKWNK_TK	2	regions	0	gaps	41.74%	coverage	55
SYP124_TK	4	regions	0	gaps	62.41%	coverage	55
TCTP1_TK	2	regions	0	gaps	43.38%	coverage	55
TCTP2_TK	3	regions	1	gap	58.99%	coverage	55
TLP_TK	3	regions	1	gap	60.08%	coverage	55
UCE9_TK	3	regions	1	gap	62.55%	coverage	55
VPE_TK	19	regions	7	gaps	82.77%	coverage	55
cluster_4H3M2EDPR_TK	11	regions	4	gaps	73.82%	coverage	55
cluster_CPT_TK	4	regions	1	gap	57.98%	coverage	55
cluster_GGDPS_TK	6	regions	2	gaps	81.14%	coverage	55
e4H3M2EDPS1_TK	16	regions	7	gaps	80.63%	coverage	55
1DDX5PR1_TK	12	regions	2	gaps	84.54%	coverage	60
1DDX5PS1_TK	18	regions	8	gaps	83.28%	coverage	60
1DDX5PS2_TK	20	regions	9	gaps	89.66%	coverage	60
1DDX5PS3_TK	14	regions	6	gaps	72.99%	coverage	60
1_FEH_TK	14	regions	6	gaps	78.17%	coverage	60
1_FFT_TK	17	regions	8	gaps	81.49%	coverage	60
1_SST_TK	15	regions	5	gaps	84.93%	coverage	60
2cMDE24CS1_TK	6	regions	2	gaps	75.06%	coverage	60
2cMDE4PCT1_TK	11	regions	1	gap	85.13%	coverage	60
3H3MC1_TK	8	regions	3	gaps	78.69%	coverage	60
3H3MCR1_TK	8	regions	1	gap	83.29%	coverage	60
3H3MCR2_TK	8	regions	1	gap	78.69%	coverage	60
3H3MCR3_TK	8	regions	2	gaps	89.6%	coverage	60
3H3MCR4_TK	6	regions	2	gaps	62.05%	coverage	60
3H3MCR5_TK	6	regions	1	gap	79.07%	coverage	60
3H3MCS1_TK	9	regions	2	gaps	78.73%	coverage	60
4C5DP2CMDEK1_TK	13	regions	4	gaps	86.11%	coverage	60
4H3M2EDPR1_TK	11	regions	4	gaps	73.82%	coverage	60
4H3M2EDPR2_TK	4	regions	1	gap	57.8%	coverage	60
4H3M2EDPR3_TK	11	regions	4	gaps	72.94%	coverage	60
A20AN1_TK	2	regions	0	gaps	42.31%	coverage	60
ACC1_TK	8	regions	3	gaps	63.16%	coverage	60
ACC2_TK	11	regions	5	gaps	80.07%	coverage	60
ACC3_TK	19	regions	6	gaps	88.41%	coverage	60
ACT1_TK	6	regions	2	gaps	70.55%	coverage	60
ADPATC2_TK	6	regions	1	gap	66.93%	coverage	60
ALS_TK	58	regions	22	gaps	88.83%	coverage	60
ARFA1F2_TK	5	regions	2	gaps	71.01%	coverage	60
C72_TK	2	regions	0	gaps	49.05%	coverage	60
CASP1_TK	5	regions	0	gaps	72.68%	coverage	60
CCT1_TK	4	regions	1	gap	68.13%	coverage	60
CDPK13_TK	10	regions	1	gap	83.5%	coverage	60
CO_TK	7	regions	3	gaps	79.31%	coverage	60
CPIP_TK	6	regions	2	gaps	63.22%	coverage	60
CPT1_1_TK	4	regions	1	gap	57.98%	coverage	60
CPT2_TK	4	regions	1	gap	65.71%	coverage	60
CPT3_TK	4	regions	1	gap	54.28%	coverage	60
CYP716A263_TK	10	regions	4	gaps	79.4%	coverage	60
CYP716D60_TK	13	regions	4	gaps	84.99%	coverage	60
DHDDS_TK	4	regions	1	gap	69.65%	coverage	60
DOG_1_TK	6	regions	2	gaps	81.91%	coverage	60
DREB_TK	5	regions	2	gaps	76.74%	coverage	60
DnaJP2_TK	10	regions	3	gaps	83.09%	coverage	60
EG_TK	15	regions	3	gaps	85.86%	coverage	60
EH_TK	5	regions	1	gap	68.84%	coverage	60
ERF_TK	4	regions	1	gap	70.1%	coverage	60
ETR1_TK	14	regions	6	gaps	73.52%	coverage	60
FDPS1_TK	12	regions	3	gaps	86.08%	coverage	60
FDPS2_TK	11	regions	4	gaps	81.9%	coverage	60
FTC_TK	37	regions	11	gaps	88.76%	coverage	60
FT_TK	15	regions	5	gaps	84.89%	coverage	60
GDPS1_TK	14	regions	3	gaps	88.17%	coverage	60
GGDPS1_TK	6	regions	2	gaps	81.14%	coverage	60
GGDPS2_TK	6	regions	1	gap	71.37%	coverage	60
HSCP70-1_TK	8	regions	2	gaps	74.2%	coverage	60
IPDPI2_TK	8	regions	1	gap	78.77%	coverage	60
IPPK_TK	4	regions	0	gaps	68.6%	coverage	60
MDPD_TK	9	regions	2	gaps	78.77%	coverage	60
MK1_TK	12	regions	4	gaps	83.37%	coverage	60
MLL_TK	3	regions	1	gap	66.92%	coverage	60
MLP28_TK	3	regions	0	gaps	73.47%	coverage	60
OC1_TK	37	regions	13	gaps	86.77%	coverage	60
OC2_TK	32	regions	10	gaps	83.22%	coverage	60
OC3_TK	19	regions	5	gaps	86.78%	coverage	60
OC4_TK	19	regions	4	gaps	89.39%	coverage	60
OC5_TK	28	regions	10	gaps	87.99%	coverage	60
OC6_TK	27	regions	11	gaps	85.02%	coverage	60
PCK_TK	4	regions	1	gap	68.85%	coverage	60
PEC2_TK	8	regions	3	gaps	77.19%	coverage	60
PIRL_TK	9	regions	3	gaps	75.39%	coverage	60
PK1_TK	4	regions	1	gap	50.27%	coverage	60
PMEI_TK	10	regions	4	gaps	75.97%	coverage	60
PMIP1B_TK	6	regions	1	gap	79.32%	coverage	60
PP2A-3_TK	15	regions	6	gaps	81.39%	coverage	60
PPMK1_TK	10	regions	0	gaps	84.4%	coverage	60
PPMK2_TK	12	regions	2	gaps	84.12%	coverage	60
PPO_TK	8	regions	2	gaps	75.5%	coverage	60
PTRP1_TK	4	regions	1	gap	59.62%	coverage	60
PUCP7_TK	7	regions	0	gaps	85.4%	coverage	60
RBP45A_TK	13	regions	3	gaps	81.65%	coverage	60
REF_TK	6	regions	1	gap	73.54%	coverage	60
SAS1_TK	4	regions	1	gap	56.39%	coverage	60
SOC1_TK	17	regions	7	gaps	87.96%	coverage	60
SQE1_TK	14	regions	3	gaps	81.17%	coverage	60
SQE2_TK	13	regions	5	gaps	89.38%	coverage	60
SQE3_TK	13	regions	4	gaps	87.83%	coverage	60
SQE4_TK	12	regions	5	gaps	74.97%	coverage	60
SQS1_TK	16	regions	3	gaps	88.1%	coverage	60
SQS2_TK	14	regions	2	gaps	88.8%	coverage	60
SRPP3_TK	5	regions	1	gap	73.15%	coverage	60
SRPP4_TK	10	regions	4	gaps	84.08%	coverage	60
SRPP5_TK	3	regions	0	gaps	65.88%	coverage	60
SRPP6_TK	4	regions	1	gap	61.05%	coverage	60
SRRP1_TK	2	regions	0	gaps	65.22%	coverage	60
SRRP2_TK	6	regions	2	gaps	77.49%	coverage	60
STKWNK_TK	2	regions	0	gaps	41.74%	coverage	60
SYP124_TK	4	regions	0	gaps	62.41%	coverage	60
TCTP1_TK	2	regions	0	gaps	43.38%	coverage	60
TCTP2_TK	3	regions	1	gap	58.99%	coverage	60
TLP_TK	3	regions	1	gap	60.08%	coverage	60
UCE9_TK	3	regions	1	gap	62.55%	coverage	60
VPE_TK	19	regions	7	gaps	82.77%	coverage	60
cluster_4H3M2EDPR_TK	11	regions	4	gaps	73.82%	coverage	60
cluster_CPT_TK	4	regions	1	gap	57.98%	coverage	60
cluster_GGDPS_TK	6	regions	2	gaps	81.14%	coverage	60
e4H3M2EDPS1_TK	16	regions	7	gaps	80.63%	coverage	60
1DDX5PR1_TK	12	regions	2	gaps	84.54%	coverage	65
1DDX5PS1_TK	18	regions	8	gaps	83.28%	coverage	65
1DDX5PS2_TK	20	regions	9	gaps	89.66%	coverage	65
1DDX5PS3_TK	14	regions	6	gaps	72.99%	coverage	65
1_FEH_TK	14	regions	6	gaps	78.17%	coverage	65
1_FFT_TK	17	regions	8	gaps	81.49%	coverage	65
1_SST_TK	15	regions	5	gaps	84.93%	coverage	65
2cMDE24CS1_TK	6	regions	2	gaps	75.06%	coverage	65
2cMDE4PCT1_TK	11	regions	1	gap	85.13%	coverage	65
3H3MC1_TK	8	regions	3	gaps	78.69%	coverage	65
3H3MCR1_TK	8	regions	1	gap	83.29%	coverage	65
3H3MCR2_TK	8	regions	1	gap	78.69%	coverage	65
3H3MCR3_TK	8	regions	2	gaps	89.6%	coverage	65
3H3MCR4_TK	6	regions	2	gaps	62.05%	coverage	65
3H3MCR5_TK	6	regions	1	gap	79.07%	coverage	65
3H3MCS1_TK	9	regions	2	gaps	78.73%	coverage	65
4C5DP2CMDEK1_TK	13	regions	4	gaps	86.11%	coverage	65
4H3M2EDPR1_TK	11	regions	4	gaps	73.82%	coverage	65
4H3M2EDPR2_TK	4	regions	1	gap	57.8%	coverage	65
4H3M2EDPR3_TK	11	regions	4	gaps	72.94%	coverage	65
A20AN1_TK	2	regions	0	gaps	42.31%	coverage	65
ACC1_TK	8	regions	3	gaps	63.16%	coverage	65
ACC2_TK	11	regions	5	gaps	80.07%	coverage	65
ACC3_TK	19	regions	6	gaps	88.41%	coverage	65
ACT1_TK	6	regions	2	gaps	70.55%	coverage	65
ADPATC2_TK	6	regions	1	gap	66.93%	coverage	65
ALS_TK	58	regions	22	gaps	88.83%	coverage	65
ARFA1F2_TK	5	regions	2	gaps	71.01%	coverage	65
C72_TK	2	regions	0	gaps	49.05%	coverage	65
CASP1_TK	5	regions	0	gaps	72.68%	coverage	65
CCT1_TK	4	regions	1	gap	68.13%	coverage	65
CDPK13_TK	10	regions	1	gap	83.5%	coverage	65
CO_TK	7	regions	3	gaps	79.31%	coverage	65
CPIP_TK	6	regions	2	gaps	63.22%	coverage	65
CPT1_1_TK	4	regions	1	gap	57.98%	coverage	65
CPT2_TK	4	regions	1	gap	65.71%	coverage	65
CPT3_TK	4	regions	1	gap	54.28%	coverage	65
CYP716A263_TK	10	regions	4	gaps	79.4%	coverage	65
CYP716D60_TK	13	regions	4	gaps	84.99%	coverage	65
DHDDS_TK	4	regions	1	gap	69.65%	coverage	65
DOG_1_TK	6	regions	2	gaps	81.91%	coverage	65
DREB_TK	5	regions	2	gaps	76.74%	coverage	65
DnaJP2_TK	10	regions	3	gaps	83.09%	coverage	65
EG_TK	15	regions	3	gaps	85.86%	coverage	65
EH_TK	5	regions	1	gap	68.84%	coverage	65
ERF_TK	4	regions	1	gap	70.1%	coverage	65
ETR1_TK	14	regions	6	gaps	73.52%	coverage	65
FDPS1_TK	12	regions	3	gaps	86.08%	coverage	65
FDPS2_TK	11	regions	4	gaps	81.9%	coverage	65
FTC_TK	37	regions	11	gaps	88.76%	coverage	65
FT_TK	15	regions	5	gaps	84.89%	coverage	65
GDPS1_TK	14	regions	3	gaps	88.17%	coverage	65
GGDPS1_TK	6	regions	2	gaps	81.14%	coverage	65
GGDPS2_TK	6	regions	1	gap	71.37%	coverage	65
HSCP70-1_TK	8	regions	2	gaps	74.2%	coverage	65
IPDPI2_TK	8	regions	1	gap	78.77%	coverage	65
IPPK_TK	4	regions	0	gaps	68.6%	coverage	65
MDPD_TK	9	regions	2	gaps	78.77%	coverage	65
MK1_TK	12	regions	4	gaps	83.37%	coverage	65
MLL_TK	3	regions	1	gap	66.92%	coverage	65
MLP28_TK	3	regions	0	gaps	73.47%	coverage	65
OC1_TK	37	regions	13	gaps	86.77%	coverage	65
OC2_TK	32	regions	10	gaps	83.22%	coverage	65
OC3_TK	19	regions	5	gaps	86.78%	coverage	65
OC4_TK	19	regions	4	gaps	89.39%	coverage	65
OC5_TK	28	regions	10	gaps	87.99%	coverage	65
OC6_TK	27	regions	11	gaps	85.02%	coverage	65
PCK_TK	4	regions	1	gap	68.85%	coverage	65
PEC2_TK	8	regions	3	gaps	77.19%	coverage	65
PIRL_TK	9	regions	3	gaps	75.39%	coverage	65
PK1_TK	4	regions	1	gap	50.27%	coverage	65
PMEI_TK	10	regions	4	gaps	75.97%	coverage	65
PMIP1B_TK	6	regions	1	gap	79.32%	coverage	65
PP2A-3_TK	15	regions	6	gaps	81.39%	coverage	65
PPMK1_TK	10	regions	0	gaps	84.4%	coverage	65
PPMK2_TK	12	regions	2	gaps	84.12%	coverage	65
PPO_TK	8	regions	2	gaps	75.5%	coverage	65
PTRP1_TK	4	regions	1	gap	59.62%	coverage	65
PUCP7_TK	7	regions	0	gaps	85.4%	coverage	65
RBP45A_TK	13	regions	3	gaps	81.65%	coverage	65
REF_TK	6	regions	1	gap	73.54%	coverage	65
SAS1_TK	4	regions	1	gap	56.39%	coverage	65
SOC1_TK	17	regions	7	gaps	87.96%	coverage	65
SQE1_TK	14	regions	3	gaps	81.17%	coverage	65
SQE2_TK	13	regions	5	gaps	89.38%	coverage	65
SQE3_TK	13	regions	4	gaps	87.83%	coverage	65
SQE4_TK	12	regions	5	gaps	74.97%	coverage	65
SQS1_TK	16	regions	3	gaps	88.1%	coverage	65
SQS2_TK	14	regions	2	gaps	88.8%	coverage	65
SRPP3_TK	5	regions	1	gap	73.15%	coverage	65
SRPP4_TK	10	regions	4	gaps	84.08%	coverage	65
SRPP5_TK	3	regions	0	gaps	65.88%	coverage	65
SRPP6_TK	4	regions	1	gap	61.05%	coverage	65
SRRP1_TK	2	regions	0	gaps	65.22%	coverage	65
SRRP2_TK	6	regions	2	gaps	77.49%	coverage	65
STKWNK_TK	2	regions	0	gaps	41.74%	coverage	65
SYP124_TK	4	regions	0	gaps	62.41%	coverage	65
TCTP1_TK	2	regions	0	gaps	43.38%	coverage	65
TCTP2_TK	3	regions	1	gap	58.99%	coverage	65
TLP_TK	3	regions	1	gap	60.08%	coverage	65
UCE9_TK	3	regions	1	gap	62.55%	coverage	65
VPE_TK	19	regions	7	gaps	82.77%	coverage	65
cluster_4H3M2EDPR_TK	11	regions	4	gaps	73.82%	coverage	65
cluster_CPT_TK	4	regions	1	gap	57.98%	coverage	65
cluster_GGDPS_TK	6	regions	2	gaps	81.14%	coverage	65
e4H3M2EDPS1_TK	16	regions	7	gaps	80.63%	coverage	65
1DDX5PR1_TK	12	regions	2	gaps	84.54%	coverage	70
1DDX5PS1_TK	18	regions	8	gaps	83.28%	coverage	70
1DDX5PS2_TK	20	regions	9	gaps	89.66%	coverage	70
1DDX5PS3_TK	14	regions	6	gaps	72.99%	coverage	70
1_FEH_TK	14	regions	6	gaps	78.17%	coverage	70
1_FFT_TK	17	regions	8	gaps	81.49%	coverage	70
1_SST_TK	15	regions	5	gaps	84.93%	coverage	70
2cMDE24CS1_TK	6	regions	2	gaps	75.06%	coverage	70
2cMDE4PCT1_TK	11	regions	1	gap	85.13%	coverage	70
3H3MC1_TK	8	regions	3	gaps	78.69%	coverage	70
3H3MCR1_TK	8	regions	1	gap	83.29%	coverage	70
3H3MCR2_TK	8	regions	1	gap	78.69%	coverage	70
3H3MCR3_TK	8	regions	2	gaps	89.6%	coverage	70
3H3MCR4_TK	6	regions	2	gaps	62.05%	coverage	70
3H3MCR5_TK	6	regions	1	gap	79.07%	coverage	70
3H3MCS1_TK	9	regions	2	gaps	78.73%	coverage	70
4C5DP2CMDEK1_TK	13	regions	4	gaps	86.11%	coverage	70
4H3M2EDPR1_TK	11	regions	4	gaps	73.82%	coverage	70
4H3M2EDPR2_TK	4	regions	1	gap	57.8%	coverage	70
4H3M2EDPR3_TK	11	regions	4	gaps	72.94%	coverage	70
A20AN1_TK	2	regions	0	gaps	42.31%	coverage	70
ACC1_TK	8	regions	3	gaps	63.16%	coverage	70
ACC2_TK	11	regions	5	gaps	80.07%	coverage	70
ACC3_TK	19	regions	6	gaps	88.41%	coverage	70
ACT1_TK	6	regions	2	gaps	70.55%	coverage	70
ADPATC2_TK	6	regions	1	gap	66.93%	coverage	70
ALS_TK	58	regions	22	gaps	88.83%	coverage	70
ARFA1F2_TK	5	regions	2	gaps	71.01%	coverage	70
C72_TK	2	regions	0	gaps	49.05%	coverage	70
CASP1_TK	5	regions	0	gaps	72.68%	coverage	70
CCT1_TK	4	regions	1	gap	68.13%	coverage	70
CDPK13_TK	10	regions	1	gap	83.5%	coverage	70
CO_TK	7	regions	3	gaps	79.31%	coverage	70
CPIP_TK	6	regions	2	gaps	63.22%	coverage	70
CPT1_1_TK	4	regions	1	gap	57.98%	coverage	70
CPT2_TK	4	regions	1	gap	65.71%	coverage	70
CPT3_TK	4	regions	1	gap	54.28%	coverage	70
CYP716A263_TK	10	regions	4	gaps	79.4%	coverage	70
CYP716D60_TK	13	regions	4	gaps	84.99%	coverage	70
DHDDS_TK	4	regions	1	gap	69.65%	coverage	70
DOG_1_TK	6	regions	2	gaps	81.91%	coverage	70
DREB_TK	5	regions	2	gaps	76.74%	coverage	70
DnaJP2_TK	10	regions	3	gaps	83.09%	coverage	70
EG_TK	15	regions	3	gaps	85.86%	coverage	70
EH_TK	5	regions	1	gap	68.84%	coverage	70
ERF_TK	4	regions	1	gap	70.1%	coverage	70
ETR1_TK	14	regions	6	gaps	73.52%	coverage	70
FDPS1_TK	12	regions	3	gaps	86.08%	coverage	70
FDPS2_TK	11	regions	4	gaps	81.9%	coverage	70
FTC_TK	37	regions	11	gaps	88.76%	coverage	70
FT_TK	15	regions	5	gaps	84.89%	coverage	70
GDPS1_TK	14	regions	3	gaps	88.17%	coverage	70
GGDPS1_TK	6	regions	2	gaps	81.14%	coverage	70
GGDPS2_TK	6	regions	1	gap	71.37%	coverage	70
HSCP70-1_TK	8	regions	2	gaps	74.2%	coverage	70
IPDPI2_TK	8	regions	1	gap	78.77%	coverage	70
IPPK_TK	4	regions	0	gaps	68.6%	coverage	70
MDPD_TK	9	regions	2	gaps	78.77%	coverage	70
MK1_TK	12	regions	4	gaps	83.37%	coverage	70
MLL_TK	3	regions	1	gap	66.92%	coverage	70
MLP28_TK	3	regions	0	gaps	73.47%	coverage	70
OC1_TK	37	regions	13	gaps	86.77%	coverage	70
OC2_TK	32	regions	10	gaps	83.22%	coverage	70
OC3_TK	19	regions	5	gaps	86.78%	coverage	70
OC4_TK	19	regions	4	gaps	89.39%	coverage	70
OC5_TK	28	regions	10	gaps	87.99%	coverage	70
OC6_TK	27	regions	11	gaps	85.02%	coverage	70
PCK_TK	4	regions	1	gap	68.85%	coverage	70
PEC2_TK	8	regions	3	gaps	77.19%	coverage	70
PIRL_TK	9	regions	3	gaps	75.39%	coverage	70
PK1_TK	4	regions	1	gap	50.27%	coverage	70
PMEI_TK	10	regions	4	gaps	75.97%	coverage	70
PMIP1B_TK	6	regions	1	gap	79.32%	coverage	70
PP2A-3_TK	15	regions	6	gaps	81.39%	coverage	70
PPMK1_TK	10	regions	0	gaps	84.4%	coverage	70
PPMK2_TK	12	regions	2	gaps	84.12%	coverage	70
PPO_TK	8	regions	2	gaps	75.5%	coverage	70
PTRP1_TK	4	regions	1	gap	59.62%	coverage	70
PUCP7_TK	7	regions	0	gaps	85.4%	coverage	70
RBP45A_TK	13	regions	3	gaps	81.65%	coverage	70
REF_TK	6	regions	1	gap	73.54%	coverage	70
SAS1_TK	4	regions	1	gap	56.39%	coverage	70
SOC1_TK	17	regions	7	gaps	87.96%	coverage	70
SQE1_TK	14	regions	3	gaps	81.17%	coverage	70
SQE2_TK	13	regions	5	gaps	89.38%	coverage	70
SQE3_TK	13	regions	4	gaps	87.83%	coverage	70
SQE4_TK	12	regions	5	gaps	74.97%	coverage	70
SQS1_TK	16	regions	3	gaps	88.1%	coverage	70
SQS2_TK	14	regions	2	gaps	88.8%	coverage	70
SRPP3_TK	5	regions	1	gap	73.15%	coverage	70
SRPP4_TK	10	regions	4	gaps	84.08%	coverage	70
SRPP5_TK	3	regions	0	gaps	65.88%	coverage	70
SRPP6_TK	4	regions	1	gap	61.05%	coverage	70
SRRP1_TK	2	regions	0	gaps	65.22%	coverage	70
SRRP2_TK	6	regions	2	gaps	77.49%	coverage	70
STKWNK_TK	2	regions	0	gaps	41.74%	coverage	70
SYP124_TK	4	regions	0	gaps	62.41%	coverage	70
TCTP1_TK	2	regions	0	gaps	43.38%	coverage	70
TCTP2_TK	3	regions	1	gap	58.99%	coverage	70
TLP_TK	3	regions	1	gap	60.08%	coverage	70
UCE9_TK	3	regions	1	gap	62.55%	coverage	70
VPE_TK	19	regions	7	gaps	82.77%	coverage	70
cluster_4H3M2EDPR_TK	11	regions	4	gaps	73.82%	coverage	70
cluster_CPT_TK	4	regions	1	gap	57.98%	coverage	70
cluster_GGDPS_TK	6	regions	2	gaps	81.14%	coverage	70
e4H3M2EDPS1_TK	16	regions	7	gaps	80.63%	coverage	70
