gene,name,pool,seq,size,%gc,tm (use 65)
1DDX5PR1_TK,1DDX5PR1_TK_2_LEFT,2,CGGGCCCACAAATCGTAATGTA,22,50,61.18
1DDX5PR1_TK,1DDX5PR1_TK_2_RIGHT,2,GGCACAATGACTGGAGTTCTCA,22,50,60.73
1DDX5PR1_TK,1DDX5PR1_TK_4_LEFT,2,TGGGTATTTCACATTATCGGGAGC,24,45.83,61.07
1DDX5PR1_TK,1DDX5PR1_TK_4_RIGHT,2,AGGGTCTCGAAGTGATTGAAGC,22,50,60.53
1DDX5PR1_TK,1DDX5PR1_TK_6_LEFT,2,AACGCGTCGGCTACTTTAACAT,22,45.45,61.11
1DDX5PR1_TK,1DDX5PR1_TK_6_RIGHT,2,AAGGCTTTCCTGAAGGTGCTTT,22,45.45,60.88
1DDX5PR1_TK,1DDX5PR1_TK_8_LEFT,2,CTGAATCGGCGGGAAGAATCTT,22,50,60.92
1DDX5PR1_TK,1DDX5PR1_TK_8_RIGHT,2,GTTGGTTGTGCTGGTTTAACGG,22,50,60.97
1DDX5PR1_TK,1DDX5PR1_TK_10_LEFT,2,GGCATGTAATCGGCATCAGCTA,22,50,61.05
1DDX5PR1_TK,1DDX5PR1_TK_10_RIGHT,2,TTATCAAACACTTGCCCGGTGT,22,45.45,60.93
1DDX5PR1_TK,1DDX5PR1_TK_12_LEFT,2,ATCGAGATAGGTTTAGGGCCGT,22,50,60.94
1DDX5PR1_TK,1DDX5PR1_TK_12_RIGHT,2,TCTCGATATCCCAAACCCACCT,22,50,60.82
1DDX5PS1_TK,1DDX5PS1_TK_2_LEFT,2,TGCTTGTTTAGGCATTCCCACA,22,45.45,60.94
1DDX5PS1_TK,1DDX5PS1_TK_2_RIGHT,2,CAAGGGAATGAGGGCTTTCCTT,22,50,60.74
1DDX5PS1_TK,1DDX5PS1_TK_4_LEFT,2,ACAGCTACCTTTCTAAGCTACCTT,24,41.67,59.55
1DDX5PS1_TK,1DDX5PS1_TK_4_RIGHT,2,CGCATTTTCTGAGCTTGAACGG,22,50,61.15
1DDX5PS1_TK,1DDX5PS1_TK_6_LEFT,2,AGCAAACTAGCAGCTCCAAGAC,22,50,61.05
1DDX5PS1_TK,1DDX5PS1_TK_6_RIGHT,2,GCTTCAGATTCCCAAGAGGCAA,22,50,61.06
1DDX5PS1_TK,1DDX5PS1_TK_8_LEFT,2,CACCATGTTTATGAGCTCGGCT,22,50,61.18
1DDX5PS1_TK,1DDX5PS1_TK_8_RIGHT,2,TGTAGGTATCGCGGAACAACAC,22,50,60.85
1DDX5PS1_TK,1DDX5PS1_TK_10_LEFT,2,AATAATTAAGCCCGGTCCCACC,22,50,60.61
1DDX5PS1_TK,1DDX5PS1_TK_10_RIGHT,2,AAGTAAAGTCGATGCCTGCACC,22,50,61.37
1DDX5PS1_TK,1DDX5PS1_TK_12_LEFT,2,TACCCCTAGCATACTCGTCCAC,22,54.55,60.93
1DDX5PS1_TK,1DDX5PS1_TK_12_RIGHT,2,AACAAGTCTCGTTACCCACAGC,22,50,60.99
1DDX5PS1_TK,1DDX5PS1_TK_14_LEFT,2,ATTTGAATCGAGGTATCCGGCG,22,50,61.05
1DDX5PS1_TK,1DDX5PS1_TK_14_RIGHT,2,GACGGTCCAAGATGAACACCAT,22,50,60.8
1DDX5PS1_TK,1DDX5PS1_TK_16_LEFT,2,CTACAGCCAATTCCACCACTCC,22,54.55,61.12
1DDX5PS1_TK,1DDX5PS1_TK_16_RIGHT,2,CCGGTGGAAGATCGATTTCTCC,22,54.55,60.98
1DDX5PS1_TK,1DDX5PS1_TK_18_LEFT,2,TGAGCATCACCGAAACAAAGGA,22,45.45,60.67
1DDX5PS1_TK,1DDX5PS1_TK_18_RIGHT,2,ACTCCCTCCTCTCTCTCTCTCT,22,54.55,60.48
1DDX5PS2_TK,1DDX5PS2_TK_2_LEFT,2,CTGTTTGGTGAGGTGGGTTCTC,22,54.55,61.25
1DDX5PS2_TK,1DDX5PS2_TK_2_RIGHT,2,CCACCCCCAACCATAGAAGACA,22,54.55,61.88
1DDX5PS2_TK,1DDX5PS2_TK_4_LEFT,2,TCAATTGGTTGAAGGCATGGGT,22,45.45,60.95
1DDX5PS2_TK,1DDX5PS2_TK_4_RIGHT,2,GTTTGGTCAGCTAGTGATGGGG,22,54.55,61.12
1DDX5PS2_TK,1DDX5PS2_TK_6_LEFT,2,GAAGCATGTCAGTGGTGGAGTT,22,50,60.99
1DDX5PS2_TK,1DDX5PS2_TK_6_RIGHT,2,TACTGACGTGGCGGATTACTTT,22,45.45,59.95
1DDX5PS2_TK,1DDX5PS2_TK_8_LEFT,2,TGGCAAATTGCAATAAATAGCATTGT,26,30.77,59.84
1DDX5PS2_TK,1DDX5PS2_TK_8_RIGHT,2,AGAGACCTCCTTCCAGTTAGCA,22,50,60.41
1DDX5PS2_TK,1DDX5PS2_TK_10_LEFT,2,GGCCATGGATGCAACAGTATCT,22,50,60.93
1DDX5PS2_TK,1DDX5PS2_TK_10_RIGHT,2,CATGGCCTCATAAAGCTGTCCA,22,50,60.87
1DDX5PS2_TK,1DDX5PS2_TK_12_LEFT,2,AGCCGTCAATCTTTACATCCGA,22,45.45,60.01
1DDX5PS2_TK,1DDX5PS2_TK_12_RIGHT,2,AACGTGAACTAAAACGGGACCC,22,50,61.25
1DDX5PS2_TK,1DDX5PS2_TK_14_LEFT,2,AAACAGATCCTTATGAGGCGGG,22,50,60.34
1DDX5PS2_TK,1DDX5PS2_TK_14_RIGHT,2,CACCACATGATAAACCGGCTGA,22,50,61.12
1DDX5PS2_TK,1DDX5PS2_TK_16_LEFT,2,GTTCATGATGTGGACAGGCAGA,22,50,60.8
1DDX5PS2_TK,1DDX5PS2_TK_16_RIGHT,2,AAAGCAAACGGGCCTATCATCA,22,45.45,60.8
1DDX5PS2_TK,1DDX5PS2_TK_18_LEFT,2,GGGAGAGTTATTGTGGAGGGGA,22,54.55,61.08
1DDX5PS2_TK,1DDX5PS2_TK_18_RIGHT,2,CAATCACACCTTCCTCAACCGT,22,50,60.99
1DDX5PS2_TK,1DDX5PS2_TK_20_LEFT,2,GTGTCCTAAGGGCACATATAACACA,25,44,61.01
1DDX5PS2_TK,1DDX5PS2_TK_20_RIGHT,2,CGACCCCACCAAATAATGACCA,22,50,60.8
1DDX5PS3_TK,1DDX5PS3_TK_2_LEFT,2,ATAACCTCCAATGCCTCACGTG,22,50,60.86
1DDX5PS3_TK,1DDX5PS3_TK_2_RIGHT,2,AGATGGCCTTCTTGACGGAAAC,22,50,61.06
1DDX5PS3_TK,1DDX5PS3_TK_4_LEFT,2,CAGCCGTTCCATACCCTAACAG,22,54.55,60.92
1DDX5PS3_TK,1DDX5PS3_TK_4_RIGHT,2,ACGAGGCTGAGCTTTTTCACAT,22,45.45,60.99
1DDX5PS3_TK,1DDX5PS3_TK_6_LEFT,2,ATTGCGCAAAAGGGTTTAAGCC,22,45.45,61.05
1DDX5PS3_TK,1DDX5PS3_TK_6_RIGHT,2,AAGTCAAGCGCTCCAACTCAAT,22,45.45,60.99
1DDX5PS3_TK,1DDX5PS3_TK_8_LEFT,2,CAAACTTCCCCACCCCTGAATC,22,54.55,61.33
1DDX5PS3_TK,1DDX5PS3_TK_8_RIGHT,2,GTTCGGGGTCAACACTCTTTGA,22,50,60.92
1DDX5PS3_TK,1DDX5PS3_TK_10_LEFT,2,GTGAAACCTTGGCAACTTCACG,22,50,60.97
1DDX5PS3_TK,1DDX5PS3_TK_10_RIGHT,2,TGGAATGAGTAGGGATGGCTGT,22,50,61.09
1DDX5PS3_TK,1DDX5PS3_TK_12_LEFT,2,CATTCGGTCCCTTCTTCCAGTC,22,54.55,60.86
1DDX5PS3_TK,1DDX5PS3_TK_12_RIGHT,2,ACCAAGTCAAAGACGCCCAAAT,22,45.45,61.2
1DDX5PS3_TK,1DDX5PS3_TK_14_LEFT,2,TGCACTTGGTTTTACGCAAATCT,23,39.13,60.18
1DDX5PS3_TK,1DDX5PS3_TK_14_RIGHT,2,TTGCATTCCCTGGACAGTTGAG,22,50,61
1_FEH_TK,1_FEH_TK_2_LEFT,2,ACCGGCTCCAAAGCTTTCAATA,22,45.45,60.74
1_FEH_TK,1_FEH_TK_2_RIGHT,2,TCCTGATGGTTATAGCTTTGAAAGGT,26,38.46,60.74
1_FEH_TK,1_FEH_TK_4_LEFT,2,ACCTATATCCAAAACCTCTTAACCCT,26,38.46,59.77
1_FEH_TK,1_FEH_TK_4_RIGHT,2,ATGGCGTCCAAAAACTTGCAAG,22,45.45,60.98
1_FEH_TK,1_FEH_TK_6_LEFT,2,TGATGCACCTCTTTCTGCACAA,22,45.45,60.93
1_FEH_TK,1_FEH_TK_6_RIGHT,2,AGTCCTGATTGCAGTCGTTTCC,22,50,61.05
1_FEH_TK,1_FEH_TK_8_LEFT,2,GAAACAGTACCTGAAGCCCAGC,22,54.55,61.63
1_FEH_TK,1_FEH_TK_8_RIGHT,2,ACGGGATCGATACATCGGTGTA,22,50,60.99
1_FEH_TK,1_FEH_TK_10_LEFT,2,GACGAAAGAGGCTGGTCGTATC,22,54.55,60.97
1_FEH_TK,1_FEH_TK_10_RIGHT,2,AGGCTGACATCAAGAGTTGCTG,22,50,61.06
1_FEH_TK,1_FEH_TK_12_LEFT,2,TGGCCCTACACATAGTACCAATG,23,47.83,60.12
1_FEH_TK,1_FEH_TK_12_RIGHT,2,ATAAACAACTTCGTCCCCACCG,22,50,61.05
1_FEH_TK,1_FEH_TK_14_LEFT,2,TGTCAGGTGGGGTTCCTTTCTT,22,50,61.69
1_FEH_TK,1_FEH_TK_14_RIGHT,2,CGTAGCTAACTTTCTTTCGGTTTCC,25,44,60.76
1_FFT_TK,1_FFT_TK_2_LEFT,2,GGTAAGCCTGAATTGACGCAGA,22,50,61.12
1_FFT_TK,1_FFT_TK_2_RIGHT,2,TGTCCCTGTACTGGATGGTGAA,22,50,60.95
1_FFT_TK,1_FFT_TK_4_LEFT,2,GTGTTACTAAGCCGCCATCGAT,22,50,60.98
1_FFT_TK,1_FFT_TK_4_RIGHT,2,GACATAGGCATGGCTACACAGG,22,54.55,60.99
1_FFT_TK,1_FFT_TK_6_LEFT,2,CCCGGTACTAGCTCGATCTCAT,22,54.55,61.06
1_FFT_TK,1_FFT_TK_6_RIGHT,2,TTACGGGTCGATTACGGGAGAT,22,50,60.93
1_FFT_TK,1_FFT_TK_8_LEFT,2,ACCATACGCCGCTATATCAAGC,22,50,60.85
1_FFT_TK,1_FFT_TK_8_RIGHT,2,CTCCCAACTACAGTGCAAAGCT,22,50,60.99
1_FFT_TK,1_FFT_TK_10_LEFT,2,AAAGATTTGACCGTTGGGGAGG,22,50,61
1_FFT_TK,1_FFT_TK_10_RIGHT,2,GGAGATGAATCTTTCGCATCCCA,23,47.83,61
1_FFT_TK,1_FFT_TK_12_LEFT,2,TGTCCGAATTCCTGGTTACTGT,22,45.45,59.55
1_FFT_TK,1_FFT_TK_12_RIGHT,2,ACCCCAAAGTATTGAGACTTTTCTGT,26,38.46,61.08
1_FFT_TK,1_FFT_TK_14_LEFT,2,GAGATGTTGAGTTGGTGTGGGT,22,50,60.67
1_FFT_TK,1_FFT_TK_14_RIGHT,2,TCAATGGAAATCTTCAGGAAAGTCC,25,40,59.67
1_FFT_TK,1_FFT_TK_16_LEFT,2,CTGAAGCACAGGATACAGGCAG,22,54.55,61.18
1_FFT_TK,1_FFT_TK_16_RIGHT,2,CCAACAAGATTCCACGACCACT,22,50,60.99
1_SST_TK,1_SST_TK_2_LEFT,2,GTAGAGAGAGACCACCACCACA,22,54.55,61
1_SST_TK,1_SST_TK_2_RIGHT,2,AAGCTGATCGTTCCCACTCAAC,22,50,61.05
1_SST_TK,1_SST_TK_4_LEFT,2,TTGACGACATTGGTGATCCTGG,22,50,60.8
1_SST_TK,1_SST_TK_4_RIGHT,2,AGGTGAATTTGAGCGGGAAATCA,23,43.48,61.07
1_SST_TK,1_SST_TK_6_LEFT,2,TCGTGTAGTAGCTATAACCTAGTGAGT,27,40.74,60.91
1_SST_TK,1_SST_TK_6_RIGHT,2,GTCCCTTGATATGGAATGGCCC,22,54.55,61
1_SST_TK,1_SST_TK_8_LEFT,2,ATCTGGCTCAGTTGCAGTGTTT,22,45.45,60.93
1_SST_TK,1_SST_TK_8_RIGHT,2,CCACACATTCCCACATTCCAGT,22,50,61
1_SST_TK,1_SST_TK_10_LEFT,2,TGTTTCTACCACGCACACGAAT,22,45.45,60.98
1_SST_TK,1_SST_TK_10_RIGHT,2,GAAGCAAATTGGTTCCCGTGTC,22,50,60.78
1_SST_TK,1_SST_TK_12_LEFT,2,GATCCCTCATTCCCCTCGAGAT,22,54.55,61.01
1_SST_TK,1_SST_TK_12_RIGHT,2,CTGGTCGAGTGACATGCGTATT,22,50,60.91
1_SST_TK,1_SST_TK_14_LEFT,2,GGGTATACGGAAGCAGTGTTCC,22,54.55,60.92
1_SST_TK,1_SST_TK_14_RIGHT,2,GGGAAAGGATCGAGTTGTGCTT,22,50,61.06
2cMDE24CS1_TK,2cMDE24CS1_TK_2_LEFT,2,TAGGGTCTGCACCTAGAAGCAA,22,50,61.01
2cMDE24CS1_TK,2cMDE24CS1_TK_2_RIGHT,2,ATGGATTCAAGTGTGCCTAGCC,22,50,60.87
2cMDE24CS1_TK,2cMDE24CS1_TK_4_LEFT,2,ATGATGCTGCCCCTTTCCATTT,22,45.45,61.08
2cMDE24CS1_TK,2cMDE24CS1_TK_4_RIGHT,2,TGCTGAATTTAGCTCCATCCTTGA,24,41.67,60.65
2cMDE24CS1_TK,2cMDE24CS1_TK_6_LEFT,2,TTAATGCCTCCGATGATGAGCG,22,50,61.05
2cMDE24CS1_TK,2cMDE24CS1_TK_6_RIGHT,2,CTCATCGTGCTACACATCTCCG,22,54.55,61.03
2cMDE4PCT1_TK,2cMDE4PCT1_TK_2_LEFT,2,TGTTAAGCTGTGACAAATGAGTCG,24,41.67,60.1
2cMDE4PCT1_TK,2cMDE4PCT1_TK_2_RIGHT,2,AAAGCCTGAGTTGTTAAAGAAAGGT,25,36,59.73
2cMDE4PCT1_TK,2cMDE4PCT1_TK_4_LEFT,2,CCTGTGGAGTTTGCATTTCCCA,22,50,61.53
2cMDE4PCT1_TK,2cMDE4PCT1_TK_4_RIGHT,2,AATGATGGTTTGCGTGTTGGAG,22,45.45,60.21
2cMDE4PCT1_TK,2cMDE4PCT1_TK_6_LEFT,2,TGCAGAATCATGAATGCAAGCA,22,40.91,59.69
2cMDE4PCT1_TK,2cMDE4PCT1_TK_6_RIGHT,2,TTGGCCTGAAATTTGCATTGCC,22,45.45,61.32
2cMDE4PCT1_TK,2cMDE4PCT1_TK_8_LEFT,2,CCAGACATTCAGCAACTTTACCC,23,47.83,60.06
2cMDE4PCT1_TK,2cMDE4PCT1_TK_8_RIGHT,2,GCAAGCATGCCAAAACAGTACC,22,50,61.36
2cMDE4PCT1_TK,2cMDE4PCT1_TK_10_LEFT,2,AGCCATCATGAAGCATATGCCA,22,45.45,60.67
2cMDE4PCT1_TK,2cMDE4PCT1_TK_10_RIGHT,2,TGATCAGTACCAGCATCCTCGA,22,50,60.87
3H3MC1_TK,3H3MC1_TK_2_LEFT,2,TCATGGGTGTTGGTGGAGGATA,22,50,61.02
3H3MC1_TK,3H3MC1_TK_2_RIGHT,2,TCGCTGCTAACAATCGTTTCCA,22,45.45,61.05
3H3MC1_TK,3H3MC1_TK_4_LEFT,2,AGAGAATCACCGGAAAGTCCCT,22,50,61.01
3H3MC1_TK,3H3MC1_TK_4_RIGHT,2,GCGGTTCCTCCAAGAAGAACTT,22,50,60.99
3H3MC1_TK,3H3MC1_TK_6_LEFT,2,TCGAGACAATTGCCTCCGTTTT,22,45.45,60.99
3H3MC1_TK,3H3MC1_TK_6_RIGHT,2,TGTTACTGGCATGGGCATTGAA,22,45.45,61.01
3H3MC1_TK,3H3MC1_TK_8_LEFT,2,GGAAGCTGTTAACGATGGCAGA,22,50,61.12
3H3MC1_TK,3H3MC1_TK_8_RIGHT,2,GGAACGATTGTACTTCATGTGGC,23,47.83,60.43
3H3MCR1_TK,3H3MCR1_TK_2_LEFT,2,CCCATGGGCATCTTCTTTAGTGT,23,47.83,60.88
3H3MCR1_TK,3H3MCR1_TK_2_RIGHT,2,GAAACCACCGCTTGTATCACCT,22,50,61.06
3H3MCR1_TK,3H3MCR1_TK_4_LEFT,2,AGAGAATCACCGGAAAGTCCCT,22,50,61.01
3H3MCR1_TK,3H3MCR1_TK_4_RIGHT,2,GCGGTTCCTCCAAGAAGAACTT,22,50,60.99
3H3MCR1_TK,3H3MCR1_TK_6_LEFT,2,TCGAGACAATTGCCTCCGTTTT,22,45.45,60.99
3H3MCR1_TK,3H3MCR1_TK_6_RIGHT,2,TGTTACTGGCATGGGCATTGAA,22,45.45,61.01
3H3MCR1_TK,3H3MCR1_TK_8_LEFT,2,AATGTCGAGAGCTCCCACTGTA,22,50,61.07
3H3MCR1_TK,3H3MCR1_TK_8_RIGHT,2,TGGAGCGGTTGTACTTCATGTG,22,50,61.05
3H3MCR2_TK,3H3MCR2_TK_2_LEFT,2,AACAGTCACAAGCCTAGAACCG,22,50,60.73
3H3MCR2_TK,3H3MCR2_TK_2_RIGHT,2,CTTCTTCTTCCTCTGGTGTGGC,22,54.55,61.05
3H3MCR2_TK,3H3MCR2_TK_4_LEFT,2,AGAGAATCACCGGAAAGTCCCT,22,50,61.01
3H3MCR2_TK,3H3MCR2_TK_4_RIGHT,2,GCGGTTCCTCCAAGAAGAACTT,22,50,60.99
3H3MCR2_TK,3H3MCR2_TK_6_LEFT,2,TCGAGACAATTGCCTCCGTTTT,22,45.45,60.99
3H3MCR2_TK,3H3MCR2_TK_6_RIGHT,2,TGTTACTGGCATGGGCATTGAA,22,45.45,61.01
3H3MCR2_TK,3H3MCR2_TK_8_LEFT,2,AATGTCGAGAGCTCCCACTGTA,22,50,61.07
3H3MCR2_TK,3H3MCR2_TK_8_RIGHT,2,TGGAGCGGTTGTACTTCATGTG,22,50,61.05
3H3MCR3_TK,3H3MCR3_TK_2_LEFT,2,CTAACTGCCACCACTCACTTCC,22,54.55,61.05
3H3MCR3_TK,3H3MCR3_TK_2_RIGHT,2,TAGATGAACGACGCAATGAGGG,22,50,60.66
3H3MCR3_TK,3H3MCR3_TK_4_LEFT,2,GCACGTAGCGAAGAAGACAGTT,22,50,61.35
3H3MCR3_TK,3H3MCR3_TK_4_RIGHT,2,GGCACCATGTACTCACAACCAT,22,50,61.06
3H3MCR3_TK,3H3MCR3_TK_6_LEFT,2,AAAGCTATTTTTGCATCCGGCG,22,45.45,60.91
3H3MCR3_TK,3H3MCR3_TK_6_RIGHT,2,TTCCCAGCAATTGAGCATTGGA,22,45.45,61.01
3H3MCR3_TK,3H3MCR3_TK_8_LEFT,2,CGACGCAATGGGAATGAACATG,22,50,60.97
3H3MCR3_TK,3H3MCR3_TK_8_RIGHT,2,ATGCAATGGGAGCTTTCGATGT,22,45.45,61.13
3H3MCR4_TK,3H3MCR4_TK_2_LEFT,2,TATCCAGTTTACAGCGGAGGGT,22,50,61.08
3H3MCR4_TK,3H3MCR4_TK_2_RIGHT,2,CCAATGCTCAATTGCCGGAAAA,22,45.45,60.79
3H3MCR4_TK,3H3MCR4_TK_4_LEFT,2,CGAATCTGCTCGATCTGGTGTA,22,50,60.14
3H3MCR4_TK,3H3MCR4_TK_4_RIGHT,2,AGCACAAACAGAGGCTGTAAGG,22,50,60.99
3H3MCR4_TK,3H3MCR4_TK_6_LEFT,2,CAGTCCCCAAGCTTTGATTCGA,22,50,61.06
3H3MCR4_TK,3H3MCR4_TK_6_RIGHT,2,TTCCTCTACCCCTCTTCACGTC,22,54.55,61.07
3H3MCR5_TK,3H3MCR5_TK_2_LEFT,2,GCCACACCAGAGGAAGAAGAAG,22,54.55,61.05
3H3MCR5_TK,3H3MCR5_TK_2_RIGHT,2,CCATTGGGACGGAAAACTCCTT,22,50,61
3H3MCR5_TK,3H3MCR5_TK_4_LEFT,2,AAGTTCTTCTTGGAGGAACCGC,22,50,60.99
3H3MCR5_TK,3H3MCR5_TK_4_RIGHT,2,GATCACATCCATGTCCGGGAAG,22,54.55,60.99
3H3MCR5_TK,3H3MCR5_TK_6_LEFT,2,AGCCGTCAACTGGATAGAAGGA,22,50,61.07
3H3MCR5_TK,3H3MCR5_TK_6_RIGHT,2,GGAGAGTCTTTGTTGGCACCTT,22,50,60.93
3H3MCS1_TK,3H3MCS1_TK_2_LEFT,2,CCCCGCAGCCAAATGACTAATA,22,50,60.93
3H3MCS1_TK,3H3MCS1_TK_2_RIGHT,2,TCTTACCGAGGGAAAAGGAGCT,22,50,61.01
3H3MCS1_TK,3H3MCS1_TK_4_LEFT,2,GTAGCGGTTAATCCACTTCCGT,22,50,60.6
3H3MCS1_TK,3H3MCS1_TK_4_RIGHT,2,GAGTTACCAAAGCCGTGACCTT,22,50,60.99
3H3MCS1_TK,3H3MCS1_TK_6_LEFT,2,CCTAGCGACGTGTACTGACCTA,22,54.55,61.18
3H3MCS1_TK,3H3MCS1_TK_6_RIGHT,2,AGCCATATGGAACACGTGTACG,22,50,60.92
3H3MCS1_TK,3H3MCS1_TK_8_LEFT,2,CCCCTTCAGCATAAACAGCACT,22,50,61.06
3H3MCS1_TK,3H3MCS1_TK_8_RIGHT,2,AAATCGGTCGATTGGAAGTCGG,22,50,61.17
4C5DP2CMDEK1_TK,4C5DP2CMDEK1_TK_2_LEFT,2,TACAAAACCGGTCCTCGTCAAC,22,50,60.98
4C5DP2CMDEK1_TK,4C5DP2CMDEK1_TK_2_RIGHT,2,AAGGGTGCAACAATAATCGCGA,22,45.45,61.38
4C5DP2CMDEK1_TK,4C5DP2CMDEK1_TK_4_LEFT,2,TCTGTTTTCTCCTTGCAAGGCA,22,45.45,60.87
4C5DP2CMDEK1_TK,4C5DP2CMDEK1_TK_4_RIGHT,2,AAGTCATGAAATCCGTCTGGCC,22,50,61.12
4C5DP2CMDEK1_TK,4C5DP2CMDEK1_TK_6_LEFT,2,TCCCCATCAAAATCCACAGATCG,23,47.83,60.94
4C5DP2CMDEK1_TK,4C5DP2CMDEK1_TK_6_RIGHT,2,GCCCCGGTTGGAACTCTTTTAT,22,50,61.07
4C5DP2CMDEK1_TK,4C5DP2CMDEK1_TK_8_LEFT,2,GGAACTGCAAGAATGGTCAGGT,22,50,61
4C5DP2CMDEK1_TK,4C5DP2CMDEK1_TK_8_RIGHT,2,GAGCATGCCTGTGGAGGTTTAA,22,50,61.06
4C5DP2CMDEK1_TK,4C5DP2CMDEK1_TK_10_LEFT,2,ATCAGCGTTTTCGGATGGATGT,22,45.45,60.86
4C5DP2CMDEK1_TK,4C5DP2CMDEK1_TK_10_RIGHT,2,ATGCAGGAGGTTCTGTGTTGAC,22,50,60.99
4C5DP2CMDEK1_TK,4C5DP2CMDEK1_TK_12_LEFT,2,TGACGCCGTTTTTATGTCTGGA,22,45.45,60.73
4C5DP2CMDEK1_TK,4C5DP2CMDEK1_TK_12_RIGHT,2,AACAAACATCTAAACCCCACTTTGT,25,36,59.96
4H3M2EDPR1_TK,4H3M2EDPR1_TK_2_LEFT,2,TACTTGTAGGGCCTCTTCACGT,22,50,61
4H3M2EDPR1_TK,4H3M2EDPR1_TK_2_RIGHT,2,GGGCATTTTCGTCTTTTGCACA,22,45.45,60.98
4H3M2EDPR1_TK,4H3M2EDPR1_TK_4_LEFT,2,AATCCCACGATCCTCTGCAATC,22,50,60.67
4H3M2EDPR1_TK,4H3M2EDPR1_TK_4_RIGHT,2,GGAGAAACAGAGGAGATAGGTTGG,24,50,60.46
4H3M2EDPR1_TK,4H3M2EDPR1_TK_6_LEFT,2,TGTAGTTTGGTTTGCCACACCA,22,45.45,61.07
4H3M2EDPR1_TK,4H3M2EDPR1_TK_6_RIGHT,2,CCGCCTCTTTTGCAGGAAAGTA,22,50,61.31
4H3M2EDPR1_TK,4H3M2EDPR1_TK_8_LEFT,2,TTTAGACACCCAAGGGCATGTG,22,50,61
4H3M2EDPR1_TK,4H3M2EDPR1_TK_8_RIGHT,2,GATTTTGCTGGGGTGTTGAACG,22,50,61.04
4H3M2EDPR1_TK,4H3M2EDPR1_TK_10_LEFT,2,AGCAAAATTTGAACAACGTCAGC,23,39.13,59.7
4H3M2EDPR1_TK,4H3M2EDPR1_TK_10_RIGHT,2,TGTTCCGGCATAACTTGACCAG,22,50,61.05
4H3M2EDPR2_TK,4H3M2EDPR2_TK_2_LEFT,2,TCATACTATTCGACACTCTTGTGGA,25,40,59.73
4H3M2EDPR2_TK,4H3M2EDPR2_TK_2_RIGHT,2,ACAATTGGTGTCACATCGGGTT,22,45.45,60.93
4H3M2EDPR2_TK,4H3M2EDPR2_TK_4_LEFT,2,ATGGCTTGGTCTCGATATGTGC,22,50,60.99
4H3M2EDPR2_TK,4H3M2EDPR2_TK_4_RIGHT,2,TTGGTAATTGGCGGGTGGAATT,22,45.45,61.01
4H3M2EDPR3_TK,4H3M2EDPR3_TK_2_LEFT,2,TACTTGTAGGGCCTCTTCACGT,22,50,61
4H3M2EDPR3_TK,4H3M2EDPR3_TK_2_RIGHT,2,GGGCATTTTCGTCTTTTGCACA,22,45.45,60.98
4H3M2EDPR3_TK,4H3M2EDPR3_TK_4_LEFT,2,AATCCCACGATCCTCTGCAATC,22,50,60.67
4H3M2EDPR3_TK,4H3M2EDPR3_TK_4_RIGHT,2,GGAGAAACAGAGGAGATAGGTTGG,24,50,60.46
4H3M2EDPR3_TK,4H3M2EDPR3_TK_6_LEFT,2,TGTAGTTTGGTTTGCCACACCA,22,45.45,61.07
4H3M2EDPR3_TK,4H3M2EDPR3_TK_6_RIGHT,2,CCGCCTCTTTTGCAGGAAAGTA,22,50,61.31
4H3M2EDPR3_TK,4H3M2EDPR3_TK_8_LEFT,2,TTTAGACACCCAAGGGCATGTG,22,50,61
4H3M2EDPR3_TK,4H3M2EDPR3_TK_8_RIGHT,2,GATTTTGCTGGGGTGTTGAACG,22,50,61.04
4H3M2EDPR3_TK,4H3M2EDPR3_TK_10_LEFT,2,AGCAAAATTTGAACAACGTCAGC,23,39.13,59.7
4H3M2EDPR3_TK,4H3M2EDPR3_TK_10_RIGHT,2,TGTTCCGGCATAACTTGACCAG,22,50,61.05
A20AN1_TK,A20AN1_TK_2_LEFT,2,TTTTCGCCGCTCTAACTACTGG,22,50,60.85
A20AN1_TK,A20AN1_TK_2_RIGHT,2,CGCTTCAGATGACCGTAGATCG,22,54.55,61.09
ACC1_TK,ACC1_TK_2_LEFT,2,TCTCTGTCAGCAACCAAACTCG,22,50,60.98
ACC1_TK,ACC1_TK_2_RIGHT,2,ACCTAATGCAGCTTGTCTTGCA,22,45.45,61
ACC1_TK,ACC1_TK_4_LEFT,2,GCAGGCATTCCAAATACAGTCG,22,50,60.4
ACC1_TK,ACC1_TK_4_RIGHT,2,CATCATGCCCTAACCGAGATCC,22,54.55,60.79
ACC1_TK,ACC1_TK_6_LEFT,2,TAGGAAGAGGAAAGGGGACGAC,22,54.55,61.07
ACC1_TK,ACC1_TK_6_RIGHT,2,AAGCATTGCCAGCAGTAACAGA,22,45.45,61
ACC1_TK,ACC1_TK_8_LEFT,2,GCATTGGTGCTAGTGAGTGGAA,22,50,61.06
ACC1_TK,ACC1_TK_8_RIGHT,2,GGTTAGCCAAAGCCACAACCTA,22,50,61
ACC2_TK,ACC2_TK_2_LEFT,2,CTCTCCAAAAGAGCCCTTAGGAA,23,47.83,59.99
ACC2_TK,ACC2_TK_2_RIGHT,2,CGTCGCTCTTGCAAACCAAAAA,22,45.45,61.22
ACC2_TK,ACC2_TK_4_LEFT,2,TTGGCAATCACCTTTAGCCCAA,22,45.45,60.94
ACC2_TK,ACC2_TK_4_RIGHT,2,TAGTGTCACTGCTGGCAATTCC,22,50,61.06
ACC2_TK,ACC2_TK_6_LEFT,2,GCTGGACGGAGCTTCCTTAATT,22,50,60.86
ACC2_TK,ACC2_TK_6_RIGHT,2,GTGGTATTGCCGCCAGAGATAG,22,54.55,61.05
ACC2_TK,ACC2_TK_8_LEFT,2,ACAGCATAGTCATCCTGCATGT,22,45.45,60.01
ACC2_TK,ACC2_TK_8_RIGHT,2,GGTGGCATGGAAAGCATGTCTA,22,50,61.13
ACC2_TK,ACC2_TK_10_LEFT,2,CACCTTTCATCCCTGATGCACA,22,50,61.06
ACC2_TK,ACC2_TK_10_RIGHT,2,CTTTCATCTTTACCCGCCACCA,22,50,61.06
ACC3_TK,ACC3_TK_2_LEFT,2,TGCTAGTGAGTGGAAAAAGGGC,22,50,61
ACC3_TK,ACC3_TK_2_RIGHT,2,TTAGCCAATGCCACAACCTGAA,22,45.45,60.94
ACC3_TK,ACC3_TK_4_LEFT,2,GGAAAAGTTGGGGGTTGCTAGT,22,50,60.94
ACC3_TK,ACC3_TK_4_RIGHT,2,CCACAAACATTAGTGGTGCACA,22,45.45,59.82
ACC3_TK,ACC3_TK_6_LEFT,2,GGATGTGGTCTAGGTCTTCACC,22,54.55,60.01
ACC3_TK,ACC3_TK_6_RIGHT,2,TCCGGTTTTCTGGGCTTTTTCA,22,45.45,61.13
ACC3_TK,ACC3_TK_8_LEFT,2,CCAGGTAACCGGTTAAGATGGG,22,54.55,60.6
ACC3_TK,ACC3_TK_8_RIGHT,2,AGGCTTGGGGTAAAATCGAACC,22,50,61.07
ACC3_TK,ACC3_TK_10_LEFT,2,CGGTTACCTGGTAAAATGGGCT,22,50,60.8
ACC3_TK,ACC3_TK_10_RIGHT,2,GTTGGAGCTCAACGGAGAAGAA,22,50,60.73
ACC3_TK,ACC3_TK_12_LEFT,2,AATGGAGCTTCTAAGTCACACCA,23,43.48,59.93
ACC3_TK,ACC3_TK_12_RIGHT,2,AGAGCTCTTCTATTGGAGATGCTC,24,45.83,60.04
ACC3_TK,ACC3_TK_14_LEFT,2,GCTTTTTGACAAAGCTTTTTCATAAGTTC,29,31.03,60.41
ACC3_TK,ACC3_TK_14_RIGHT,2,TGGTGGACCATTTACCTATTCAACC,25,44,61.2
ACC3_TK,ACC3_TK_16_LEFT,2,TGAAAGAGCTCACACAAAACCTCT,24,41.67,60.95
ACC3_TK,ACC3_TK_16_RIGHT,2,TGGTGGGAGTGGTTAGCATTTG,22,50,61
ACC3_TK,ACC3_TK_18_LEFT,2,ACCACTCCGGCCTAAATAATGC,22,50,60.93
ACC3_TK,ACC3_TK_18_RIGHT,2,AGTGCAAAGAATCGGACCTTCC,22,50,61.06
ACT1_TK,ACT1_TK_2_LEFT,2,GGAGAGGATATTCAGCCGCTTG,22,54.55,61.05
ACT1_TK,ACT1_TK_2_RIGHT,2,GTCCCAGTTGTTGACGATTCCA,22,50,60.99
ACT1_TK,ACT1_TK_4_LEFT,2,TTGTGCTTGATTCAGGGGATGG,22,50,61.07
ACT1_TK,ACT1_TK_4_RIGHT,2,CCCAATAGTAATCACCTGCCCG,22,54.55,60.99
ACT1_TK,ACT1_TK_6_LEFT,2,TGTTGTTCCAGCCTTCGTTGAT,22,45.45,60.93
ACT1_TK,ACT1_TK_6_RIGHT,2,ACTTCCTGTGAACAATGGACGG,22,50,60.99
ADPATC2_TK,ADPATC2_TK_2_LEFT,2,CTTGAATTAAGCCCCACCGGAA,22,50,61.07
ADPATC2_TK,ADPATC2_TK_2_RIGHT,2,AGTTTCTTTGCAAGCTTTGGGC,22,45.45,60.92
ADPATC2_TK,ADPATC2_TK_4_LEFT,2,AAAGATCCGGTGAGAAGAACGG,22,50,60.53
ADPATC2_TK,ADPATC2_TK_4_RIGHT,2,ACTCGATTAACAAACGACGCCA,22,45.45,61.04
ADPATC2_TK,ADPATC2_TK_6_LEFT,2,AAAGGCGTCCGGATTTGATCAA,22,45.45,61.06
ADPATC2_TK,ADPATC2_TK_6_RIGHT,2,AGCCGGTATCAATAAGTTCGCC,22,50,60.99
ALS_TK,ALS_TK_2_LEFT,2,TGAGCTTCGTCTGTTTGTGGAG,22,50,60.98
ALS_TK,ALS_TK_2_RIGHT,2,GAGCTAGAGACCATTCGTGCTG,22,54.55,60.98
ALS_TK,ALS_TK_4_LEFT,2,GCTTCCATCACCATCGATGTCA,22,50,60.92
ALS_TK,ALS_TK_4_RIGHT,2,CCCGTGGACGTAGGATTTACAC,22,54.55,60.91
ALS_TK,ALS_TK_6_LEFT,2,TGATGTTCTCTCAAGTTTTTGCACA,25,36,60.26
ALS_TK,ALS_TK_6_RIGHT,2,TCTTCTTGACAGCCTTTGCTCC,22,50,60.99
ALS_TK,ALS_TK_8_LEFT,2,CCCATTCCAGACCAAAAACTCG,22,50,59.95
ALS_TK,ALS_TK_8_RIGHT,2,ACCCTAGCATTATATCACCTTGCC,24,45.83,60.59
ALS_TK,ALS_TK_10_LEFT,2,GGTTGAATGAACATAAGATGTGCCC,25,44,61.06
ALS_TK,ALS_TK_10_RIGHT,2,AAATGTAACCAACCCACAGCCA,22,45.45,60.88
ALS_TK,ALS_TK_12_LEFT,2,TGGGAACATTACTCAACACGGT,22,45.45,60.08
ALS_TK,ALS_TK_12_RIGHT,2,CTTGATTCATCCCTCGTACGCA,22,50,60.66
ALS_TK,ALS_TK_14_LEFT,2,TAATGATTGGCAGTGGACCGAC,22,50,60.86
ALS_TK,ALS_TK_14_RIGHT,2,TTTTGACCTGGATTGTCGGTCC,22,50,60.99
ALS_TK,ALS_TK_16_LEFT,2,GCAGTGGACTGACAATCCAAGC,22,54.55,62.2
ALS_TK,ALS_TK_16_RIGHT,2,ATCCGAACGGTTTTCTGGTGTT,22,45.45,60.93
ALS_TK,ALS_TK_18_LEFT,2,ACCTGAACTTGAGGTTGTGGTG,22,50,60.87
ALS_TK,ALS_TK_18_RIGHT,2,TGGGTGAATTTCTTTCGTTGAAGC,24,41.67,60.82
ALS_TK,ALS_TK_20_LEFT,2,TAAAAACCATGGGACTCGAGGC,22,50,60.8
ALS_TK,ALS_TK_20_RIGHT,2,ACCCTTATTTCGCCAGAGTTCG,22,50,60.86
ALS_TK,ALS_TK_22_LEFT,2,GAAGAGAAGGGAGCGAAAGTCG,22,54.55,61.16
ALS_TK,ALS_TK_22_RIGHT,2,ACCCACCTCAAGCTTGGATTTG,22,50,61.27
ALS_TK,ALS_TK_24_LEFT,2,TTCCTTCTATCAACCGCCAACG,22,50,61.11
ALS_TK,ALS_TK_24_RIGHT,2,AGACTTTGAATCGCAAACGTGC,22,45.45,60.78
ALS_TK,ALS_TK_26_LEFT,2,TAATTGGCTCAGGGTCCAGTGA,22,50,61.28
ALS_TK,ALS_TK_26_RIGHT,2,ACAAACACAAGCGTTTCCTCCT,22,45.45,61.13
ALS_TK,ALS_TK_28_LEFT,2,CCCGAGCAGTAACCTGTTTCTT,22,50,60.73
ALS_TK,ALS_TK_28_RIGHT,2,TGTCGGTTTCGGAATCACACAA,22,45.45,60.92
ALS_TK,ALS_TK_30_LEFT,2,GTGCAAATTGTGAGCCCAGTTT,22,45.45,60.66
ALS_TK,ALS_TK_30_RIGHT,2,TCATGCTATCAAACACCTCAAGC,23,43.48,59.56
ALS_TK,ALS_TK_32_LEFT,2,TGCGATATTGCATGAGTTTTGCA,23,39.13,60.37
ALS_TK,ALS_TK_32_RIGHT,2,GGTTGACCGGAGTTCTTCATGT,22,50,60.73
ALS_TK,ALS_TK_34_LEFT,2,CGCATATGGTCACCCGAGAAAA,22,50,61.18
ALS_TK,ALS_TK_34_RIGHT,2,TGGAAATCCATGGAGTTTTAGCCA,24,41.67,60.84
ALS_TK,ALS_TK_36_LEFT,2,GGTTGAATGAACATAAGATGTGCCC,25,44,61.06
ALS_TK,ALS_TK_36_RIGHT,2,GTAAGGGTCGAGTCCACAGAGA,22,54.55,61.06
ALS_TK,ALS_TK_38_LEFT,2,TGGCTTGAGTTTATACGTGGCT,22,45.45,60.21
ALS_TK,ALS_TK_38_RIGHT,2,ACGGAGGTAATCCCTTAGTCGT,22,50,60.54
ALS_TK,ALS_TK_40_LEFT,2,TACAAGAAGGGCCAGTTGAAGC,22,50,61
ALS_TK,ALS_TK_40_RIGHT,2,CCGTCCCTGTTAAGCAAGACAA,22,50,60.99
ALS_TK,ALS_TK_42_LEFT,2,CACCATTGACCACCCTCCATTT,22,50,61.01
ALS_TK,ALS_TK_42_RIGHT,2,TTGAACATTGCTGGTGCTGAGA,22,45.45,60.93
ALS_TK,ALS_TK_44_LEFT,2,ACTGCTCCCACTATTCCTGCTA,22,50,60.81
ALS_TK,ALS_TK_44_RIGHT,2,GAGGAAGGCTCAGTTACGGTTC,22,54.55,60.85
ALS_TK,ALS_TK_46_LEFT,2,ATAACCGCCTTGGCTTTCTTGT,22,45.45,61
ALS_TK,ALS_TK_46_RIGHT,2,TCGAGAGGGTACTGTACGATCG,22,54.55,60.98
ALS_TK,ALS_TK_48_LEFT,2,CAGGAAAGAGAGGAGGGTCACT,22,54.55,61.01
ALS_TK,ALS_TK_48_RIGHT,2,CCCGTGGACGTAGGATTTACAC,22,54.55,60.91
ALS_TK,ALS_TK_50_LEFT,2,TGCACTCTACACTTGATGTTCTCT,24,41.67,60.04
ALS_TK,ALS_TK_50_RIGHT,2,CGTTCGGAGTTAGGTTTGACGA,22,50,60.78
ALS_TK,ALS_TK_52_LEFT,2,TTTAAGTGAGGCATTCCACCCC,22,50,60.74
ALS_TK,ALS_TK_52_RIGHT,2,ATTGGGGAGTCGGAAAAACCAG,22,50,61
ALS_TK,ALS_TK_54_LEFT,2,AGGCACAACGAATTCTTCCGAT,22,45.45,60.8
ALS_TK,ALS_TK_54_RIGHT,2,CCACATCAAGACCTGGTGCTAC,22,54.55,61.12
ALS_TK,ALS_TK_56_LEFT,2,TGATGGATGAGCGAGTTAGGGA,22,50,60.87
ALS_TK,ALS_TK_56_RIGHT,2,CCACTACTGCACTCTTCTTCCC,22,54.55,60.53
ALS_TK,ALS_TK_58_LEFT,2,AGGGGAGGAAAACATGGTTTGG,22,50,60.95
ALS_TK,ALS_TK_58_RIGHT,2,TAGTTCAAGCGGCCACATGAAA,22,45.45,60.99
ARFA1F2_TK,ARFA1F2_TK_2_LEFT,2,AATGTTGTTGGAGAGCCAGTCC,22,50,61
ARFA1F2_TK,ARFA1F2_TK_2_RIGHT,2,CCACTCACAGGGACCATCTTTG,22,54.55,61.06
ARFA1F2_TK,ARFA1F2_TK_4_LEFT,2,TCAGTGATTTCCGCAGCATTCA,22,45.45,61.06
ARFA1F2_TK,ARFA1F2_TK_4_RIGHT,2,GGAGGCACTACTTCCAGAACAC,22,54.55,60.79
C72_TK,C72_TK_2_LEFT,2,GTCAGCCTCACGGATCATTTCA,22,50,60.86
C72_TK,C72_TK_2_RIGHT,2,AACCGAAGCAGAACTCCAAGAC,22,50,60.99
CASP1_TK,CASP1_TK_2_LEFT,2,AATGGAAGGTGAATCAACCGCA,22,45.45,61
CASP1_TK,CASP1_TK_2_RIGHT,2,TGGTAAATCATCGAACTCGGCT,22,45.45,60.01
CASP1_TK,CASP1_TK_4_LEFT,2,TAATCGCTAACGCCATTACCGC,22,50,61.61
CASP1_TK,CASP1_TK_4_RIGHT,2,GCGAGTTGATTCTTCCACTTAAGC,24,45.83,60.75
CCT1_TK,CCT1_TK_2_LEFT,2,CCCAATCTTACTGATGACTTCCAGG,25,48,61.3
CCT1_TK,CCT1_TK_2_RIGHT,2,GAAGGCGTAGATGGTGACGTAC,22,54.55,60.97
CCT1_TK,CCT1_TK_4_LEFT,2,ATGGAAGCCACCGCTAAAAACT,22,45.45,61
CCT1_TK,CCT1_TK_4_RIGHT,2,ACTTTGATCACCGCCTGACTTC,22,50,61.05
CDPK13_TK,CDPK13_TK_2_LEFT,2,TGGGTAATTGCTGTGCTGTACC,22,50,61.06
CDPK13_TK,CDPK13_TK_2_RIGHT,2,CCAAATGAACGGCACTATCGTC,22,50,60.15
CDPK13_TK,CDPK13_TK_4_LEFT,2,CGCACCATCGTTGAAGTCATTC,22,50,60.65
CDPK13_TK,CDPK13_TK_4_RIGHT,2,TGCCATGTAGTATGGACTCCCA,22,50,60.82
CDPK13_TK,CDPK13_TK_6_LEFT,2,CCCTCCTTTTTGGGCAGGTAAA,22,50,60.94
CDPK13_TK,CDPK13_TK_6_RIGHT,2,TGGCATTTTGTATCCATGGATGATC,25,40,60.14
CDPK13_TK,CDPK13_TK_8_LEFT,2,ACTGTGAAAGCAAGACTCAAGCA,23,43.48,61.19
CDPK13_TK,CDPK13_TK_8_RIGHT,2,CCATCTTTGTCAACGTCACCCT,22,50,60.99
CDPK13_TK,CDPK13_TK_10_LEFT,2,GCTACGAGAAGCCTTATCTGACG,23,52.17,61.1
CDPK13_TK,CDPK13_TK_10_RIGHT,2,CAATCTGTTCCCGCCTTCATCA,22,50,61.12
CO_TK,CO_TK_2_LEFT,2,TGGTGATTTAAAACGAAGGAACGA,24,37.5,59.5
CO_TK,CO_TK_2_RIGHT,2,AGCCTCAAAAGGGACGATTGAC,22,50,61.06
CO_TK,CO_TK_4_LEFT,2,ACATAGATACCTGAACAATCACACCAA,27,37.04,61.03
CO_TK,CO_TK_4_RIGHT,2,TCCGTTATCTATTGACTATTAGCAAGGT,28,35.71,60.56
CO_TK,CO_TK_6_LEFT,2,ATCCCCAACTGAAACTTCTGGC,22,50,61
CO_TK,CO_TK_6_RIGHT,2,GATATCCATTCCGCCAACCCTC,22,54.55,61.06
CPIP_TK,CPIP_TK_2_LEFT,2,GATCTGTTAGACGGACCCCAGA,22,54.55,61.13
CPIP_TK,CPIP_TK_2_RIGHT,2,GCTTCATCACTGTCCACCACAA,22,50,61.25
CPIP_TK,CPIP_TK_4_LEFT,2,TGTGCCTTTATGACCGTGAAGG,22,50,61.05
CPIP_TK,CPIP_TK_4_RIGHT,2,TCCGAATTCTCCTGCATCACAG,22,50,60.6
CPIP_TK,CPIP_TK_6_LEFT,2,CTGAAACCTACTTGACCGAGGC,22,54.55,61.11
CPIP_TK,CPIP_TK_6_RIGHT,2,CGAATTCGCCATGCTGGAAATC,22,50,61.03
CPT1_1_TK,CPT1_1_TK_2_LEFT,2,CCCAATCTTACTGATGACTTCCAGG,25,48,61.3
CPT1_1_TK,CPT1_1_TK_2_RIGHT,2,GAAGGCGTAGATGGTGACGTAC,22,54.55,60.97
CPT1_1_TK,CPT1_1_TK_4_LEFT,2,ATGGAAGCCACCGCTAAAAACT,22,45.45,61
CPT1_1_TK,CPT1_1_TK_4_RIGHT,2,ACTTTGATCACCGCCTGACTTC,22,50,61.05
CPT2_TK,CPT2_TK_2_LEFT,2,TTTGAGGGTTTTTACGACATTATCCTT,27,33.33,60.05
CPT2_TK,CPT2_TK_2_RIGHT,2,GGAAAGGAGGAGGAGGAGTTGA,22,54.55,61.01
CPT2_TK,CPT2_TK_4_LEFT,2,TCTTCGTGTTCTTAGCTGTGGC,22,50,61.05
CPT2_TK,CPT2_TK_4_RIGHT,2,TGGTCCAATCCCACAACACATC,22,50,61
CPT3_TK,CPT3_TK_2_LEFT,2,GTTTCGTGTCATTGCTTCTCGC,22,50,61.14
CPT3_TK,CPT3_TK_2_RIGHT,2,TCAGGGCGTCGATTGAAATTGT,22,45.45,61.05
CPT3_TK,CPT3_TK_4_LEFT,2,ATGGAAGCCACCGCTAAAAACT,22,45.45,61
CPT3_TK,CPT3_TK_4_RIGHT,2,GTGCCACCCCCATGTACATATG,22,54.55,61.26
CYP716A263_TK,CYP716A263_TK_2_LEFT,2,TCGTTGTTGTTCTAGCATCATGC,23,43.48,60.12
CYP716A263_TK,CYP716A263_TK_2_RIGHT,2,TCCGCTTCTTGGTGTGAGAAAG,22,50,60.99
CYP716A263_TK,CYP716A263_TK_4_LEFT,2,CGAATGGGAAGGAAAGGACCAG,22,54.55,61.12
CYP716A263_TK,CYP716A263_TK_4_RIGHT,2,CACTTTCCCGTGCTCATCAGAA,22,50,61.05
CYP716A263_TK,CYP716A263_TK_6_LEFT,2,CTGCCGTTATGATGGGGTTGAT,22,50,60.93
CYP716A263_TK,CYP716A263_TK_6_RIGHT,2,ACTCTTACATCACATGCAATCTTTCT,26,34.62,59.56
CYP716A263_TK,CYP716A263_TK_8_LEFT,2,TTGTCTCGCACAATGAAGGGAT,22,45.45,60.47
CYP716A263_TK,CYP716A263_TK_8_RIGHT,2,CACATGCCACGTTCCAAGAGTA,22,50,61.05
CYP716A263_TK,CYP716A263_TK_10_LEFT,2,AATCCCACCAACACAAGGAACT,22,45.45,60.28
CYP716A263_TK,CYP716A263_TK_10_RIGHT,2,TCGGGCAAATTCTTTTCCAGGA,22,45.45,60.67
CYP716D60_TK,CYP716D60_TK_2_LEFT,2,AGGATGAACACGAATGGGAAGC,22,50,61.12
CYP716D60_TK,CYP716D60_TK_2_RIGHT,2,GCTATACTGGAGTGCCGTATCC,22,54.55,60.27
CYP716D60_TK,CYP716D60_TK_4_LEFT,2,TGTGAGGTTTTCAAAATGAGTCGAC,25,40,60.6
CYP716D60_TK,CYP716D60_TK_4_RIGHT,2,AACAACGATATTGGCATGGCAA,22,40.91,59.69
CYP716D60_TK,CYP716D60_TK_6_LEFT,2,CGAAAGACGACTTCAAAAGAAACCT,25,40,60.59
CYP716D60_TK,CYP716D60_TK_6_RIGHT,2,CTTTCATCTCAGTTACATATCATATTTACCAAG,33,30.3,60.15
CYP716D60_TK,CYP716D60_TK_8_LEFT,2,TCCCTCTAAGATGCACCAACTTT,23,43.48,59.93
CYP716D60_TK,CYP716D60_TK_8_RIGHT,2,TTGGGGAAATGCTGAAATGGGA,22,45.45,60.68
CYP716D60_TK,CYP716D60_TK_10_LEFT,2,CCCCAAGACTTTTCATAACCAACG,24,45.83,60.64
CYP716D60_TK,CYP716D60_TK_10_RIGHT,2,AAACTCGGAGCCCTATTCAACG,22,50,60.86
CYP716D60_TK,CYP716D60_TK_12_LEFT,2,CGAGCTCAAAGGCGTATAGCTT,22,50,60.98
CYP716D60_TK,CYP716D60_TK_12_RIGHT,2,GACCGTATCGCAGTTCTCTGTG,22,54.55,61.22
DHDDS_TK,DHDDS_TK_2_LEFT,2,AACCGCCGGAGAATACAACAAA,22,45.45,60.99
DHDDS_TK,DHDDS_TK_2_RIGHT,2,ACTGCTAAAAACTCGAGGGCAG,22,50,61.05
DHDDS_TK,DHDDS_TK_4_LEFT,2,GGACTTCTTCGGGGCTTCTTTT,22,50,61
DHDDS_TK,DHDDS_TK_4_RIGHT,2,ACAGGTCTAACATGCAACAAGGA,23,43.48,60.44
DOG_1_TK,DOG_1_TK_2_LEFT,2,CACTAAAAACTCCACCGCCTGA,22,50,60.99
DOG_1_TK,DOG_1_TK_2_RIGHT,2,CCCTTTGCGTCGTGTATTTTGG,22,50,60.84
DOG_1_TK,DOG_1_TK_4_LEFT,2,ACAAACATGTAGGTCCACTCACA,23,43.48,60.12
DOG_1_TK,DOG_1_TK_4_RIGHT,2,TGGCGGAGTTTCTAGAGGGAAT,22,50,61.08
DOG_1_TK,DOG_1_TK_6_LEFT,2,TTGGGCTCGAGCATCATTGTAG,22,50,60.92
DOG_1_TK,DOG_1_TK_6_RIGHT,2,CTTCTCACCGGATCTAGAGCCT,22,54.55,60.93
DREB_TK,DREB_TK_2_LEFT,2,ACCATCTTCTTGCTTGTTCGCT,22,45.45,60.99
DREB_TK,DREB_TK_2_RIGHT,2,AAGAACCTGCTGAGATCGGAGA,22,50,61.07
DREB_TK,DREB_TK_4_LEFT,2,ACCGGATTGATCAGAAGGGCTA,22,50,61.15
DREB_TK,DREB_TK_4_RIGHT,2,AACGAACATGGGGAAAATGGGT,22,45.45,60.94
DnaJP2_TK,DnaJP2_TK_2_LEFT,2,GAGCAGGATGTTTGGAAGAGCA,22,50,61.06
DnaJP2_TK,DnaJP2_TK_2_RIGHT,2,ACCCGTCATCGAACAAATCAGT,22,45.45,60.47
DnaJP2_TK,DnaJP2_TK_4_LEFT,2,CCGTAATTGGCAATCGTTTTCCA,23,43.48,60.62
DnaJP2_TK,DnaJP2_TK_4_RIGHT,2,CAAGGCATCCTCACCATACTGG,22,54.55,60.93
DnaJP2_TK,DnaJP2_TK_6_LEFT,2,CGTAGGGGTGAAGACGTCATTC,22,54.55,60.91
DnaJP2_TK,DnaJP2_TK_6_RIGHT,2,TTTCTCTCCTTTGCACTGTGGG,22,50,60.93
DnaJP2_TK,DnaJP2_TK_8_LEFT,2,CTGGTGAAGCAGATGAAGCTGT,22,50,61.06
DnaJP2_TK,DnaJP2_TK_8_RIGHT,2,CATACCAGGCTTAACGACCTCC,22,54.55,60.66
DnaJP2_TK,DnaJP2_TK_10_LEFT,2,CTTCACAGTGGAGTTTCCGGAG,22,54.55,61.05
DnaJP2_TK,DnaJP2_TK_10_RIGHT,2,ATTGCTGTGCACATTGTACCCT,22,45.45,61
EG_TK,EG_TK_2_LEFT,2,TCACGCCATGGATGCTGTTAAA,22,45.45,61.06
EG_TK,EG_TK_2_RIGHT,2,TCTAGAATAAGCGGGATTGGCG,22,50,60.47
EG_TK,EG_TK_4_LEFT,2,CGCCCATCAGGTCCGTTAATTA,22,50,60.66
EG_TK,EG_TK_4_RIGHT,2,GCACAGAAATGGAGACTTCCCA,22,50,60.74
EG_TK,EG_TK_6_LEFT,2,ACTGCACCAGTTTCTGCTAGTT,22,45.45,60.34
EG_TK,EG_TK_6_RIGHT,2,TCTCGTTATATACAAACGTTTGCCA,25,36,59.51
EG_TK,EG_TK_8_LEFT,2,TCACGGAAATAAAACAGATCCCAC,24,41.67,59.62
EG_TK,EG_TK_8_RIGHT,2,GCTGTCGTATTTGCCCCTGTAT,22,50,60.93
EG_TK,EG_TK_10_LEFT,2,GGATGAGTTACTTTGGGCAGCA,22,50,61.06
EG_TK,EG_TK_10_RIGHT,2,CTCCGGGAGTTCGTTGAACATT,22,50,61.05
EG_TK,EG_TK_12_LEFT,2,CGATTACTTAACCTCCGCTCGG,22,54.55,61.03
EG_TK,EG_TK_12_RIGHT,2,AACCTGGCTAGAACTCCGAGAA,22,50,61.01
EG_TK,EG_TK_14_LEFT,2,TGAAGTCCCCTACGCTAAACCT,22,50,61.01
EG_TK,EG_TK_14_RIGHT,2,GTCAGCAATCGGAGCACTATGA,22,50,60.66
EH_TK,EH_TK_2_LEFT,2,CGCTAATTGAACCAATGCACGA,22,45.45,60.34
EH_TK,EH_TK_2_RIGHT,2,ACCTCCCTGGATGTCGAAAGAA,22,50,61.28
EH_TK,EH_TK_4_LEFT,2,CTGTTTGTACCCCATACGGCAA,22,50,61.06
EH_TK,EH_TK_4_RIGHT,2,AGATCTGGTGGCGCTCATTAAC,22,50,60.92
ERF_TK,ERF_TK_2_LEFT,2,ACGTGCCATTGTTTACCACAGA,22,45.45,60.93
ERF_TK,ERF_TK_2_RIGHT,2,GAGCAGCGATAGAATTCAGGGG,22,54.55,61.05
ERF_TK,ERF_TK_4_LEFT,2,TTTCTTAATCGGACCACCAGCG,22,50,61.11
ERF_TK,ERF_TK_4_RIGHT,2,AACAGCAACCGTCAATGATGGA,22,45.45,61
ETR1_TK,ETR1_TK_2_LEFT,2,AAAGCTCACATAACGCAACCCT,22,45.45,61
ETR1_TK,ETR1_TK_2_RIGHT,2,AGGGTCTACTAACACACCTGGG,22,54.55,61.01
ETR1_TK,ETR1_TK_4_LEFT,2,AGGACTTTTAGACCCGGGAACT,22,50,60.95
ETR1_TK,ETR1_TK_4_RIGHT,2,ACTTAGGGACCCCAACGTAACT,22,50,60.95
ETR1_TK,ETR1_TK_6_LEFT,2,CTTGGAACATGGACCCAAAATGT,23,43.48,59.93
ETR1_TK,ETR1_TK_6_RIGHT,2,AGAAAGCCAATCTCCTGCAACT,22,45.45,60.41
ETR1_TK,ETR1_TK_8_LEFT,2,AAAAAGTCAGGAGCCCGAGGAT,22,50,61.88
ETR1_TK,ETR1_TK_8_RIGHT,2,GGCCTGTTGCATCGGTTAAAAG,22,50,60.85
ETR1_TK,ETR1_TK_10_LEFT,2,GCATGAAGGTTGAAAGTAGCGG,22,50,60.34
ETR1_TK,ETR1_TK_10_RIGHT,2,GGCACTTGATCTTGCGAGAAGA,22,50,61.11
ETR1_TK,ETR1_TK_12_LEFT,2,CATGAACATGCCATTGTCGAGC,22,50,60.97
ETR1_TK,ETR1_TK_12_RIGHT,2,GTGTTCAGTACTAACCGGGCAG,22,54.55,61.11
ETR1_TK,ETR1_TK_14_LEFT,2,GTGCGGCTTTGTTTTTGAGGAA,22,45.45,60.92
ETR1_TK,ETR1_TK_14_RIGHT,2,GTTCTATGTGGAGCCACCCATC,22,54.55,60.93
FDPS1_TK,FDPS1_TK_2_LEFT,2,TCAATACTGCTTGTACGGCTTTG,23,43.48,59.81
FDPS1_TK,FDPS1_TK_2_RIGHT,2,TGGGAAAAAGGATCCAGCTTCG,22,50,61.06
FDPS1_TK,FDPS1_TK_4_LEFT,2,GGGTGCACCAAAACAGTCTAGA,22,50,60.67
FDPS1_TK,FDPS1_TK_4_RIGHT,2,ATATTGTTGTGCAGTCACCGCA,22,45.45,61.31
FDPS1_TK,FDPS1_TK_6_LEFT,2,CATCTGTCCTGAGGCTGTTTGA,22,50,60.47
FDPS1_TK,FDPS1_TK_6_RIGHT,2,GTCAGCCCTGTTGGTTCAGATT,22,50,61
FDPS1_TK,FDPS1_TK_8_LEFT,2,AAGGAAGTATGCTTGGAGCTGC,22,50,61.13
FDPS1_TK,FDPS1_TK_8_RIGHT,2,TGCTTACTTCTGCAGATGCTTGA,23,43.48,60.81
FDPS1_TK,FDPS1_TK_10_LEFT,2,GTCCTCTCCTAGAAGATGGGGT,22,54.55,60.28
FDPS1_TK,FDPS1_TK_10_RIGHT,2,GTTGCATCAAGGCGCACAAAAA,22,45.45,61.8
FDPS1_TK,FDPS1_TK_12_LEFT,2,CTGTGGCAATAATCCTCCTCCA,22,50,60.01
FDPS1_TK,FDPS1_TK_12_RIGHT,2,TAACCCCACCCAATTTCTCCCT,22,50,61.24
FDPS2_TK,FDPS2_TK_2_LEFT,2,TTGAGTTCGACGACGATTCTCG,22,50,60.9
FDPS2_TK,FDPS2_TK_2_RIGHT,2,CTCACAGCAAATCTCCTCCGAC,22,54.55,61.17
FDPS2_TK,FDPS2_TK_4_LEFT,2,ACAGTTCACGTTCTAAATCTGGAAAT,26,34.62,59.73
FDPS2_TK,FDPS2_TK_4_RIGHT,2,CCCATTCAATGCACCAACCAAG,22,50,60.79
FDPS2_TK,FDPS2_TK_6_LEFT,2,GAATCCCATACACGCAGAGGTC,22,54.55,60.98
FDPS2_TK,FDPS2_TK_6_RIGHT,2,TGTCCAGATGCGGTTTGGAATT,22,45.45,61
FDPS2_TK,FDPS2_TK_8_LEFT,2,TCATCGCCGGATTGTTCAGTAC,22,50,60.92
FDPS2_TK,FDPS2_TK_8_RIGHT,2,GGAGCACCAAAACAGTCCAGAT,22,50,61
FDPS2_TK,FDPS2_TK_10_LEFT,2,GCATTGGAACTTGCGAATGAGG,22,50,60.91
FDPS2_TK,FDPS2_TK_10_RIGHT,2,TCTCGTAATCCTCAAAGACTCCCT,24,45.83,60.9
FTC_TK,FTC_TK_2_LEFT,2,ACTCCCACCTGCAAAAGTCATC,22,50,61
FTC_TK,FTC_TK_2_RIGHT,2,TCCCACACATTGACAGGATTGA,22,45.45,59.81
FTC_TK,FTC_TK_4_LEFT,2,AAATTTCACGCGGTGGCATTTT,22,40.91,60.98
FTC_TK,FTC_TK_4_RIGHT,2,GCATCTGCATATTTTTACACAAATTATCAC,30,30,59.91
FTC_TK,FTC_TK_6_LEFT,2,TGCCATCGCATGAAATTTGAAAAA,24,33.33,59.56
FTC_TK,FTC_TK_6_RIGHT,2,ACATGTGTCCAATTAAATGTGGTGA,25,36,59.85
FTC_TK,FTC_TK_8_LEFT,2,TGTTTTAATTAACCTGTTTTTACACGGG,28,32.14,60.08
FTC_TK,FTC_TK_8_RIGHT,2,GTTTGGGAGTTCTCGGGTTCTC,22,54.55,61.05
FTC_TK,FTC_TK_10_LEFT,2,AAAACAAGCCCGTTCGCAAAAA,22,40.91,61.11
FTC_TK,FTC_TK_10_RIGHT,2,GAACGTTTTGGAGGTTCCCGAA,22,50,61.5
FTC_TK,FTC_TK_12_LEFT,2,ACCCTTTAAATATCTGTTATGAGGACTTCT,30,33.33,60.99
FTC_TK,FTC_TK_12_RIGHT,2,TTAAATACAAGCCCGGTCGCAA,22,45.45,61.06
FTC_TK,FTC_TK_14_LEFT,2,GCACAGGGCCCATCTTAATAGG,22,54.55,61
FTC_TK,FTC_TK_14_RIGHT,2,TGTTTCAGCTTCGTCCGATGTT,22,45.45,60.99
FTC_TK,FTC_TK_16_LEFT,2,TTCTCCTGATCTCCTCCATCGG,22,54.55,60.94
FTC_TK,FTC_TK_16_RIGHT,2,AGTTCCTCGGCATCAATATCCG,22,50,60.47
FTC_TK,FTC_TK_18_LEFT,2,ATTCCAGTAACGGTGGCATCTG,22,50,60.86
FTC_TK,FTC_TK_18_RIGHT,2,AGGCCGTGACAAATGACATGAA,22,45.45,61
FTC_TK,FTC_TK_20_LEFT,2,CCGCTCGTCCAGGGTATTAAAA,22,50,60.6
FTC_TK,FTC_TK_20_RIGHT,2,GGTCAGTGTGGGGCTTATGTTT,22,50,61
FTC_TK,FTC_TK_22_LEFT,2,GTTGCAACCACAAAAGGGCAAA,22,45.45,61.38
FTC_TK,FTC_TK_22_RIGHT,2,GCTTATTGGAGAGCTGGCATGA,22,50,60.93
FTC_TK,FTC_TK_24_LEFT,2,ACACAAAGAAGTCGGTGATCCA,22,45.45,60.08
FTC_TK,FTC_TK_24_RIGHT,2,TCTATCATCATCGAGCCACCGA,22,50,61
FTC_TK,FTC_TK_26_LEFT,2,ATGTTTTGAGCCAATGAGGTGC,22,45.45,60.21
FTC_TK,FTC_TK_26_RIGHT,2,AGCCTCCATTTTTGCCTCCTTT,22,45.45,60.95
FTC_TK,FTC_TK_28_LEFT,2,AAGTTAGCGTGGAATTCGGCTT,22,45.45,61.06
FTC_TK,FTC_TK_28_RIGHT,2,ACACAACGCACATGCATATACAC,23,43.48,60.43
FTC_TK,FTC_TK_30_LEFT,2,AGGCATTGCAAAGAATTATAGCCA,24,37.5,59.67
FTC_TK,FTC_TK_30_RIGHT,2,GGTTTGTTACGATGTTAATAGCGGTT,26,38.46,60.83
FTC_TK,FTC_TK_32_LEFT,2,TGAAAACCTCTTCATTGGCTTCCT,24,41.67,61.02
FTC_TK,FTC_TK_32_RIGHT,2,TCATGTTAAGTTGTGCATCAAATCCT,26,34.62,60.23
FTC_TK,FTC_TK_34_LEFT,2,TCTATGCTCAAAGTTGGTGGAACA,24,41.67,60.77
FTC_TK,FTC_TK_34_RIGHT,2,AGCACGACAACAGTGTTTCTTAAA,24,37.5,59.92
FTC_TK,FTC_TK_36_LEFT,2,CTCCAACCTCCACATTGGCTTA,22,50,60.47
FTC_TK,FTC_TK_36_RIGHT,2,TGATGTCGCCGTCATCGTATTC,22,50,61.03
FT_TK,FT_TK_2_LEFT,2,ATGTGCTTAGCATAGGCCCATC,22,50,60.74
FT_TK,FT_TK_2_RIGHT,2,GTGTGCTATGAGAGTCCAAGGC,22,54.55,61.18
FT_TK,FT_TK_4_LEFT,2,GCTCGGAATCTAGCATGAAGGT,22,50,60.41
FT_TK,FT_TK_4_RIGHT,2,ATCCTACGTCCAATTTTAAGGGGA,24,41.67,59.85
FT_TK,FT_TK_6_LEFT,2,TCCTGCGTTTGGTTGGTATCAG,22,50,61.05
FT_TK,FT_TK_6_RIGHT,2,TGCTGATCGCTACTTTGCACTT,22,45.45,61.05
FT_TK,FT_TK_8_LEFT,2,AGTGCACCAATCAGAAGCAACA,22,45.45,61.19
FT_TK,FT_TK_8_RIGHT,2,AGTCTAGGAGCAAATATGTGGCT,23,43.48,59.54
FT_TK,FT_TK_10_LEFT,2,AGCATGACCGAATATTGTTGGTTT,24,37.5,59.86
FT_TK,FT_TK_10_RIGHT,2,GGGTTGTGTGCTGGCATTTAGA,22,50,61.58
FT_TK,FT_TK_12_LEFT,2,GCGTTTGGTGTTGGAAAACTGT,22,45.45,60.85
FT_TK,FT_TK_12_RIGHT,2,ATGGAAAACGCATTTGGTTGCT,22,40.91,60.41
FT_TK,FT_TK_14_LEFT,2,TTTTCTAACACCAAGCGCACCT,22,45.45,61.19
FT_TK,FT_TK_14_RIGHT,2,GACCTCCGAGCTTTTCACACTT,22,50,60.99
GDPS1_TK,GDPS1_TK_2_LEFT,2,CGTTATTACCGCTGTCGATGGT,22,50,60.97
GDPS1_TK,GDPS1_TK_2_RIGHT,2,AGACCTTAGAACCCTTCCGTGT,22,50,60.94
GDPS1_TK,GDPS1_TK_4_LEFT,2,CCAACTGAAGCCTTCCAGTTCT,22,50,60.67
GDPS1_TK,GDPS1_TK_4_RIGHT,2,ATAGTTTGTGATCTTTGTAGTTCCACA,27,33.33,59.56
GDPS1_TK,GDPS1_TK_6_LEFT,2,GATGCTTTCAAAAACTTTTCCATTCTCA,28,32.14,60.55
GDPS1_TK,GDPS1_TK_6_RIGHT,2,TGCTCGCAACCTATTAGCAACA,22,45.45,60.8
GDPS1_TK,GDPS1_TK_8_LEFT,2,CAGGTGCCAAAACTTGCATCAG,22,50,61.04
GDPS1_TK,GDPS1_TK_8_RIGHT,2,GCTGGCAACCTGAGAGACAAAT,22,50,61.32
GDPS1_TK,GDPS1_TK_10_LEFT,2,AGACGTGGGATTGGCTCTCTTA,22,50,61.07
GDPS1_TK,GDPS1_TK_10_RIGHT,2,CACTAGATGCTCGACAGCTGTC,22,54.55,60.97
GDPS1_TK,GDPS1_TK_12_LEFT,2,GTCAGCAGAACAGCGTACTAGG,22,54.55,60.91
GDPS1_TK,GDPS1_TK_12_RIGHT,2,GGAATGCCAAACCCTGCAAAAA,22,45.45,60.93
GDPS1_TK,GDPS1_TK_14_LEFT,2,CTGGCACATCATCATCTCTCGG,22,54.55,61.05
GDPS1_TK,GDPS1_TK_14_RIGHT,2,ACGTCCTCGTCATCGTTTTCAG,22,50,61.1
GGDPS1_TK,GGDPS1_TK_2_LEFT,2,ATTAAAGGAGCCGCTTTCCGTT,22,45.45,61.06
GGDPS1_TK,GGDPS1_TK_2_RIGHT,2,GTACTCGGTGCCATTATGGGAG,22,54.55,60.73
GGDPS1_TK,GGDPS1_TK_4_LEFT,2,CCTTCTGAGCCGATACACTTCG,22,54.55,60.97
GGDPS1_TK,GGDPS1_TK_4_RIGHT,2,CGTACGACCGATGCTGTGTATT,22,50,60.97
GGDPS1_TK,GGDPS1_TK_6_LEFT,2,CTCCGATTTTGTTTTCCGGCAG,22,50,60.85
GGDPS1_TK,GGDPS1_TK_6_RIGHT,2,TGGCGTTCTGCAACACTCTTTA,22,45.45,60.92
GGDPS2_TK,GGDPS2_TK_2_LEFT,2,TCATTTTTCGGCAGGTCAACCA,22,45.45,61.19
GGDPS2_TK,GGDPS2_TK_2_RIGHT,2,ATTGTTCCAGGTGGTTGACGAC,22,50,61.25
GGDPS2_TK,GGDPS2_TK_4_LEFT,2,GGATGAACTCGAGCTGTTCCAG,22,54.55,61.17
GGDPS2_TK,GGDPS2_TK_4_RIGHT,2,TCATGACGACCTTCCTTGCATG,22,50,61.12
GGDPS2_TK,GGDPS2_TK_6_LEFT,2,CCACCGGCGAGTAAAGAGTAAC,22,54.55,61.17
GGDPS2_TK,GGDPS2_TK_6_RIGHT,2,AGCCAGGCTTTCTTCATCTTCG,22,50,61.12
HSCP70-1_TK,HSCP70-1_TK_2_LEFT,2,GGCTACGAAGGCAGATAAAGCA,22,50,60.92
HSCP70-1_TK,HSCP70-1_TK_2_RIGHT,2,TAAAAACGCCTCTGCTGTCTCC,22,50,61.05
HSCP70-1_TK,HSCP70-1_TK_4_LEFT,2,AGAATTATCAACGAGCCGACGG,22,50,60.98
HSCP70-1_TK,HSCP70-1_TK_4_RIGHT,2,ATGGTGGTTTGGGAAGAAGACG,22,50,61
HSCP70-1_TK,HSCP70-1_TK_6_LEFT,2,GGTTCAGTCCATGAGGTGGTTC,22,54.55,61.06
HSCP70-1_TK,HSCP70-1_TK_6_RIGHT,2,GGAATTGTGGTGTTTCTCGGGA,22,50,60.99
HSCP70-1_TK,HSCP70-1_TK_8_LEFT,2,AGGGGAACGAGCAAGAACAAAA,22,45.45,60.87
HSCP70-1_TK,HSCP70-1_TK_8_RIGHT,2,CGTGCCTCAACCTTCTTCTTCA,22,50,60.99
IPDPI2_TK,IPDPI2_TK_2_LEFT,2,GGTACCTCTCCCTTTCCGTCTT,22,54.55,61.34
IPDPI2_TK,IPDPI2_TK_2_RIGHT,2,AACCGACTCGTCTTCGAACATG,22,50,61.1
IPDPI2_TK,IPDPI2_TK_4_LEFT,2,AGAATGACAAAGTGGTTGGCCA,22,45.45,60.87
IPDPI2_TK,IPDPI2_TK_4_RIGHT,2,TGCTCTGTGTAGCATGTTTCCT,22,45.45,60.14
IPDPI2_TK,IPDPI2_TK_6_LEFT,2,CCAAGGTCACTTTCCCTTTGGT,22,50,60.87
IPDPI2_TK,IPDPI2_TK_6_RIGHT,2,CCACTTTCCATCTGATGCAGCT,22,50,61.13
IPDPI2_TK,IPDPI2_TK_8_LEFT,2,TTTGCCCTCTCAACCATACACC,22,50,60.74
IPDPI2_TK,IPDPI2_TK_8_RIGHT,2,AACCGCTTCATTTAGGGTTCCC,22,50,61.07
IPPK_TK,IPPK_TK_2_LEFT,2,TTCAAATCTTGCCGGCTGTCTC,22,50,61.63
IPPK_TK,IPPK_TK_2_RIGHT,2,CTCTGGGCTTCGAGCTTTCATT,22,50,61.12
IPPK_TK,IPPK_TK_4_LEFT,2,TATGTGAGGGTGTTCGTCTCCA,22,50,61
IPPK_TK,IPPK_TK_4_RIGHT,2,CACCATGATGAAGGTCCCAGAC,22,54.55,60.86
MDPD_TK,MDPD_TK_2_LEFT,2,CTTAGGCAAGCCAGTAACCGAA,22,50,60.8
MDPD_TK,MDPD_TK_2_RIGHT,2,GGCCGAATGCAGTTATGATTGC,22,50,61.04
MDPD_TK,MDPD_TK_4_LEFT,2,GGTTCCATTTCTCCACACAGCT,22,50,61
MDPD_TK,MDPD_TK_4_RIGHT,2,ACAAGTAGCACATCAGGGATGC,22,50,60.86
MDPD_TK,MDPD_TK_6_LEFT,2,AGGCTGTCACTACCATTCTCCT,22,50,60.75
MDPD_TK,MDPD_TK_6_RIGHT,2,TTTTCCCTTGCCAAGCTCATGA,22,45.45,60.94
MDPD_TK,MDPD_TK_8_LEFT,2,GCTGTGGGGAAATTGTTGTACG,22,50,60.53
MDPD_TK,MDPD_TK_8_RIGHT,2,GCCCTAGCTTCGATCAAGATCG,22,54.55,61.1
MK1_TK,MK1_TK_2_LEFT,2,CTCTTCGCTTCCCTTCACCTTC,22,54.55,61.11
MK1_TK,MK1_TK_2_RIGHT,2,TCGCACTGCAATCACTCTATGG,22,50,60.92
MK1_TK,MK1_TK_4_LEFT,2,ACCAGGTGCTCGATGAAATGAC,22,50,61.12
MK1_TK,MK1_TK_4_RIGHT,2,CCTTCAGGTAGAGTGTGAGGGT,22,54.55,61.01
MK1_TK,MK1_TK_6_LEFT,2,AGACATGTTCCCCTGAGACCAT,22,50,61.02
MK1_TK,MK1_TK_6_RIGHT,2,TGAGTGAGACACAGAATGCTGC,22,50,61.05
MK1_TK,MK1_TK_8_LEFT,2,GGGCCTTTCTTGCTTCATCAGA,22,50,61.06
MK1_TK,MK1_TK_8_RIGHT,2,GGTGATTGGTCCCTGTGGTTTT,22,50,61.2
MK1_TK,MK1_TK_10_LEFT,2,TGAAAACCACAGGGACCAATTTTG,24,41.67,60.71
MK1_TK,MK1_TK_10_RIGHT,2,CCGGTCAACTTGGAAGTCAACT,22,50,60.93
MK1_TK,MK1_TK_12_LEFT,2,TGGTGGAGGTGGATGTGTTCTT,22,50,61.75
MK1_TK,MK1_TK_12_RIGHT,2,TCACAACAACCCATCAAAGCAG,22,45.45,59.82
MLL_TK,MLL_TK_2_LEFT,2,GGTTCACCAATGTCCTCGTTCA,22,50,60.99
MLL_TK,MLL_TK_2_RIGHT,2,TGTTGTTGGATCGGTCATCGTC,22,50,61.11
MLP28_TK,MLP28_TK_2_LEFT,2,GCATCCAAGTCCTTCACAAGGT,22,50,61
MLP28_TK,MLP28_TK_2_RIGHT,2,TAGCCCAAAACCTACTTCCGGT,22,50,61.55
OC1_TK,OC1_TK_2_LEFT,2,AGCGTGATGAAGTTGAAAGGCT,22,45.45,60.99
OC1_TK,OC1_TK_2_RIGHT,2,CGGTCAAACTCGGAATAAATCGG,23,47.83,60.25
OC1_TK,OC1_TK_4_LEFT,2,CCAAGTTTGACCGAATCCGAGT,22,50,61.05
OC1_TK,OC1_TK_4_RIGHT,2,TCACATGTCATTATTGTTTAATCACCTGT,29,31.03,60.67
OC1_TK,OC1_TK_6_LEFT,2,TGTTTGCGGAAAAAGACTTTGAAAA,25,32,59.68
OC1_TK,OC1_TK_6_RIGHT,2,AAGGAGGAGTGAAAAAGAGCGG,22,50,60.73
OC1_TK,OC1_TK_8_LEFT,2,ACCACAAGAAGGAGATGATTCGT,23,43.48,59.99
OC1_TK,OC1_TK_8_RIGHT,2,AGTCAAAAAGATGTTGAGGCGTT,23,39.13,59.62
OC1_TK,OC1_TK_10_LEFT,2,GAATGAAGATGGAGGGTGGGGA,22,54.55,61.69
OC1_TK,OC1_TK_10_RIGHT,2,TCATGCAAACGGTCAAAGGAGT,22,45.45,60.93
OC1_TK,OC1_TK_12_LEFT,2,CCACTTATCGAGTAATGGGGGC,22,54.55,60.73
OC1_TK,OC1_TK_12_RIGHT,2,ACGAGAGTGCCGAGAATCAAAA,22,45.45,60.47
OC1_TK,OC1_TK_14_LEFT,2,CAACTGCCAAGAAGAGGAAGGG,22,54.55,61.32
OC1_TK,OC1_TK_14_RIGHT,2,AATGGCGGAACTTAATAGGGGC,22,50,60.94
OC1_TK,OC1_TK_16_LEFT,2,GCCTATAAATGAGTCAGCTTGGCT,24,45.83,61.31
OC1_TK,OC1_TK_16_RIGHT,2,TTGGCATGTATGTGGTTCTGCA,22,45.45,61
OC1_TK,OC1_TK_18_LEFT,2,CATCCAAGGGCCTATTACGGAC,22,54.55,60.73
OC1_TK,OC1_TK_18_RIGHT,2,CCGCGATGACACGAAAGCTATA,22,50,61.03
OC1_TK,OC1_TK_20_LEFT,2,CATTTTCGGTCTTTTTCCTAGCCA,24,41.67,60.1
OC1_TK,OC1_TK_20_RIGHT,2,TGCGATCATACTTGTTATAACTTTGCT,27,33.33,60.21
OC1_TK,OC1_TK_22_LEFT,2,AGCGAACACTAACAACATCCACA,23,43.48,61
OC1_TK,OC1_TK_22_RIGHT,2,TGACACTTCATCAAATCCACTCACT,25,40,60.84
OC1_TK,OC1_TK_24_LEFT,2,TCGGACCAATAGTGCTACAAACA,23,43.48,60.25
OC1_TK,OC1_TK_24_RIGHT,2,ATGCCAAGTCTTGCCTTCTCAA,22,45.45,60.67
OC1_TK,OC1_TK_26_LEFT,2,TTTTTGTTGGCGTTGTTGCAGT,22,40.91,61.05
OC1_TK,OC1_TK_26_RIGHT,2,CGACCCACCCTTGATCTTGATC,22,54.55,60.92
OC1_TK,OC1_TK_28_LEFT,2,AAATGCCACAAGAAATTGCCGG,22,45.45,61.05
OC1_TK,OC1_TK_28_RIGHT,2,GCGTTTGCAAGTGTCTGAATTCA,23,43.48,61.04
OC1_TK,OC1_TK_30_LEFT,2,TGTGTGGTGTACTTTTCTTTGCG,23,43.48,60.43
OC1_TK,OC1_TK_30_RIGHT,2,TTTTCGGCAGAAAACCTACGGG,22,50,61.57
OC1_TK,OC1_TK_32_LEFT,2,TGCGATTTAGCCATTTTGGGAC,22,45.45,60.01
OC1_TK,OC1_TK_32_RIGHT,2,CGGTTTCTGGACTCTGGTCAAG,22,54.55,61.05
OC1_TK,OC1_TK_34_LEFT,2,GCAGACATAACCGTCGAGAGAG,22,54.55,60.72
OC1_TK,OC1_TK_34_RIGHT,2,CAGCTTTCCTGACAGCTTCACA,22,50,61.25
OC1_TK,OC1_TK_36_LEFT,2,TTTGAGTCATGCCCACAAGAGG,22,50,61
OC1_TK,OC1_TK_36_RIGHT,2,GCCTTGTGTAATGGTGTCGGAT,22,50,61.12
OC2_TK,OC2_TK_2_LEFT,2,TGGTGATGGAAACGGTGATGAC,22,50,61.05
OC2_TK,OC2_TK_2_RIGHT,2,ACCAAATTTGTCATTAACCTGATTTCG,27,33.33,59.89
OC2_TK,OC2_TK_4_LEFT,2,GCAAGAAGCTTGATTACATAAATTGGT,27,33.33,59.73
OC2_TK,OC2_TK_4_RIGHT,2,AAGAGTAGTATCAAGGGCCCGT,22,50,60.81
OC2_TK,OC2_TK_6_LEFT,2,ATTCAAGCTTGGGATGGCCATT,22,45.45,61.08
OC2_TK,OC2_TK_6_RIGHT,2,TGCGTTCTCTTTAACATGGTTACCT,25,40,61.13
OC2_TK,OC2_TK_8_LEFT,2,CGGATCAGACACACCTAGCTTT,22,50,60.27
OC2_TK,OC2_TK_8_RIGHT,2,TGTTAGTGGTGAATGCATGTGC,22,45.45,59.95
OC2_TK,OC2_TK_10_LEFT,2,AAGCGAAGTCAAAGCACACTCT,22,45.45,60.92
OC2_TK,OC2_TK_10_RIGHT,2,TCTTGGCTAATCGGTTGGCTTC,22,50,61.12
OC2_TK,OC2_TK_12_LEFT,2,ATGGGGGATCAAACTCAATCGG,22,50,60.61
OC2_TK,OC2_TK_12_RIGHT,2,GATGGGAGTTGGGTGGAAGTTC,22,54.55,61.06
OC2_TK,OC2_TK_14_LEFT,2,TGGAAGATGCTCAACATTCCGT,22,45.45,60.47
OC2_TK,OC2_TK_14_RIGHT,2,ACAGTGGACATGTGAGGAGGAT,22,50,61.02
OC2_TK,OC2_TK_16_LEFT,2,CCACACCAACCGAATCAAGTTATC,24,45.83,60.46
OC2_TK,OC2_TK_16_RIGHT,2,ACCGAAAGATAAACCTTGCCCC,22,50,61.07
OC2_TK,OC2_TK_18_LEFT,2,GCATCTGGTTTGCTAGTCCACA,22,50,61.06
OC2_TK,OC2_TK_18_RIGHT,2,TTGCAACCTAATTTCATCTAGTCATCTT,28,32.14,59.98
OC2_TK,OC2_TK_20_LEFT,2,AGGTGCTTGGAGTGTACGAATG,22,50,60.79
OC2_TK,OC2_TK_20_RIGHT,2,TTGGCATGTATGTGGTTCTGCA,22,45.45,61
OC2_TK,OC2_TK_22_LEFT,2,ACGAAAGGTGCTACAAACGACA,22,45.45,60.92
OC2_TK,OC2_TK_22_RIGHT,2,CCTTCCTCGGCGTTATATTGCA,22,50,60.99
OC2_TK,OC2_TK_24_LEFT,2,CGATTACTTATGGGTGGCGGAG,22,54.55,61.05
OC2_TK,OC2_TK_24_RIGHT,2,CTGAGACGACCCAACCTTGATC,22,54.55,60.85
OC2_TK,OC2_TK_26_LEFT,2,TGCCACAAGAAATTTCCGGTGA,22,45.45,61.19
OC2_TK,OC2_TK_26_RIGHT,2,GTTTGGTTTAATTGTCACTTTCAAACAAAC,30,30,60.77
OC2_TK,OC2_TK_28_LEFT,2,TGCACCCATATCATGCATTCAGT,23,43.48,60.95
OC2_TK,OC2_TK_28_RIGHT,2,AGTGGCTTACTCTCTCTCGACC,22,54.55,61.12
OC2_TK,OC2_TK_30_LEFT,2,CATGTTGAATGTACGGGGTCCA,22,50,60.8
OC2_TK,OC2_TK_30_RIGHT,2,CCTCTTGTGGGCATGACTCAAA,22,50,61
OC2_TK,OC2_TK_32_LEFT,2,CCTTTGGAGGGGAACAGAACAA,22,50,60.61
OC2_TK,OC2_TK_32_RIGHT,2,GCCTTGTGTAATGGTGTCGGAT,22,50,61.12
OC3_TK,OC3_TK_2_LEFT,2,GCACATGCTTGCGATAATCAGC,22,50,61.34
OC3_TK,OC3_TK_2_RIGHT,2,ACAGATGGAGAGAGACCCGATG,22,54.55,61.2
OC3_TK,OC3_TK_4_LEFT,2,TAACTTTCTCCCCACCCACCAT,22,50,61.23
OC3_TK,OC3_TK_4_RIGHT,2,CGGACACCGGAGAAAAGAGATC,22,54.55,60.91
OC3_TK,OC3_TK_6_LEFT,2,AACTAGTGCCTGACTTGCTGAC,22,50,60.73
OC3_TK,OC3_TK_6_RIGHT,2,TTTCCCTACAGGTCAGTGTCCA,22,50,60.88
OC3_TK,OC3_TK_8_LEFT,2,CCGCGTCATTAAATTGCTCAGG,22,50,60.72
OC3_TK,OC3_TK_8_RIGHT,2,ATCCAAGCTCTATTGGCTGCTG,22,50,60.93
OC3_TK,OC3_TK_10_LEFT,2,TTCATTCCGTCTTCAGCAACCC,22,50,61.31
OC3_TK,OC3_TK_10_RIGHT,2,ACCATTGGTTCGGTGGTAAAGG,22,50,61
OC3_TK,OC3_TK_12_LEFT,2,TCTTGTAGGAACGGATGAGGGT,22,50,60.74
OC3_TK,OC3_TK_12_RIGHT,2,GGTCCCATCACTCCTTTGGTTC,22,54.55,61.06
OC3_TK,OC3_TK_14_LEFT,2,GCACCACATCTTTGCTGCATTT,22,45.45,61.05
OC3_TK,OC3_TK_14_RIGHT,2,CCGCAAATGGATCCTGGATCAT,22,50,61
OC3_TK,OC3_TK_16_LEFT,2,TGGCAACTTTTTGGTTTAGCAACT,24,37.5,60.64
OC3_TK,OC3_TK_16_RIGHT,2,TTACTGCTCCCTCCCTCCATTT,22,50,61.02
OC3_TK,OC3_TK_18_LEFT,2,CCGGGGAGCATTAATTCGTACC,22,54.55,61.31
OC3_TK,OC3_TK_18_RIGHT,2,GGTCAAGCCTAGCAGTGATGTC,22,54.55,61.18
OC4_TK,OC4_TK_2_LEFT,2,GATAATCAGCAAGGGCCCACAT,22,50,60.94
OC4_TK,OC4_TK_2_RIGHT,2,ACAGATGGAGAGAGACCCGATG,22,54.55,61.2
OC4_TK,OC4_TK_4_LEFT,2,TAACTTTCTCCCCACCCACCAT,22,50,61.23
OC4_TK,OC4_TK_4_RIGHT,2,CGGACACCGGAGAAAAGAGATC,22,54.55,60.91
OC4_TK,OC4_TK_6_LEFT,2,TGCTGATGATGTGCACTCAACA,22,45.45,60.99
OC4_TK,OC4_TK_6_RIGHT,2,ATTCTCAACAATGCCACCGGAA,22,45.45,61
OC4_TK,OC4_TK_8_LEFT,2,GTCAGAAACTTGCCATCCGTGA,22,50,61.31
OC4_TK,OC4_TK_8_RIGHT,2,GTCAAGAGTGGGATGCTGGTTT,22,50,61
OC4_TK,OC4_TK_10_LEFT,2,TCCGTCTTCAGCAACCCAGATA,22,50,61.33
OC4_TK,OC4_TK_10_RIGHT,2,GCCTCTATTAAATCGCTGGCCA,22,50,60.99
OC4_TK,OC4_TK_12_LEFT,2,ACCTTTGCACATAAATGTCGTATGC,25,40,61.05
OC4_TK,OC4_TK_12_RIGHT,2,AGAGTTCTGGCTCCTTCCTTCT,22,50,60.68
OC4_TK,OC4_TK_14_LEFT,2,GTTCCTGCCCACTCACATACAC,22,54.55,61.37
OC4_TK,OC4_TK_14_RIGHT,2,CTAAATCGGTCCCAACATGGCA,22,50,61.13
OC4_TK,OC4_TK_16_LEFT,2,TGGCAACTTTTTGGTTTAGCAACT,24,37.5,60.64
OC4_TK,OC4_TK_16_RIGHT,2,TCAGGTACGAACTACTGCTCCC,22,54.55,61.39
OC4_TK,OC4_TK_18_LEFT,2,AAATACAGTGGGCCCGCATTTT,22,45.45,61.6
OC4_TK,OC4_TK_18_RIGHT,2,GAGTTTGACCCGAACCATGGAA,22,50,60.99
OC5_TK,OC5_TK_2_LEFT,2,CACGTGGACAACACCTTTTTGC,22,50,61.47
OC5_TK,OC5_TK_2_RIGHT,2,ACACACATACACAAAGCAGCCA,22,45.45,61.19
OC5_TK,OC5_TK_4_LEFT,2,GTGTGCACTAAATTTGACCGGC,22,50,61.1
OC5_TK,OC5_TK_4_RIGHT,2,ATTGGTGGACTGACAACTGTCG,22,50,60.99
OC5_TK,OC5_TK_6_LEFT,2,AAACACACTCCCCAATTTCCGT,22,45.45,60.87
OC5_TK,OC5_TK_6_RIGHT,2,TTGCTGACATCGTCATTGAGCA,22,45.45,61.05
OC5_TK,OC5_TK_8_LEFT,2,TGCTGGTTCCCATGATGCTAAC,22,50,61.13
OC5_TK,OC5_TK_8_RIGHT,2,AACTGATCGATGCGGTCAATGT,22,45.45,60.86
OC5_TK,OC5_TK_10_LEFT,2,GAACCTTGCCATCCATGGTCTT,22,50,61.07
OC5_TK,OC5_TK_10_RIGHT,2,TCCAAGCTCTTCTGGCTACTGA,22,50,61.01
OC5_TK,OC5_TK_12_LEFT,2,ACGTTTTTGGTCCCTGATCCAA,22,45.45,60.61
OC5_TK,OC5_TK_12_RIGHT,2,CATCTTGCCCGAATCCCAGATT,22,50,60.93
OC5_TK,OC5_TK_14_LEFT,2,GGCTGACCTTTACCACTGAACC,22,54.55,61.32
OC5_TK,OC5_TK_14_RIGHT,2,TTCGTTGGTCCAATCACTCCTT,22,45.45,60.08
OC5_TK,OC5_TK_16_LEFT,2,AGGACACCTTTGAATGGAAGCA,22,45.45,60.34
OC5_TK,OC5_TK_16_RIGHT,2,ACCTGAACCATGTTAGTGACGAA,23,43.48,60.18
OC5_TK,OC5_TK_18_LEFT,2,CCCACTCACACACTCCAAGTAT,22,50,59.88
OC5_TK,OC5_TK_18_RIGHT,2,TGGTTGGGGATTTCACATCGAG,22,50,60.8
OC5_TK,OC5_TK_20_LEFT,2,AGCAATACCATGATCATCATACAAATGA,28,32.14,60.14
OC5_TK,OC5_TK_20_RIGHT,2,AAACTCTCCGTTGTGGATGCTC,22,50,61.05
OC5_TK,OC5_TK_22_LEFT,2,CGTCCATGTGTAGAGCTTAATGC,23,47.83,60
OC5_TK,OC5_TK_22_RIGHT,2,ACACCGTGCTTTCATTTGTTGT,22,40.91,60.01
OC5_TK,OC5_TK_24_LEFT,2,TCGGTGTTCTTGTGGGAAAACA,22,45.45,60.8
OC5_TK,OC5_TK_24_RIGHT,2,AGAGAAACAATTAAAACAGACATATAGCCT,30,30,60.35
OC5_TK,OC5_TK_26_LEFT,2,TCACTTGGGCTATGGTCTATTTGA,24,41.67,59.85
OC5_TK,OC5_TK_26_RIGHT,2,ACAATTCAAAGAGACGATAGCCCA,24,41.67,60.65
OC5_TK,OC5_TK_28_LEFT,2,TGACCCGATGTCTAAGGTTCCA,22,50,61.01
OC5_TK,OC5_TK_28_RIGHT,2,ACCCTATCACACACTTTTCACCA,23,43.48,60.12
OC6_TK,OC6_TK_2_LEFT,2,TGGGTCCTCAAGTACTCGACAT,22,50,60.74
OC6_TK,OC6_TK_2_RIGHT,2,AGGGAAGTGTGACATTTGTCGT,22,45.45,60.34
OC6_TK,OC6_TK_4_LEFT,2,AGTTGCCAATTTAAAAATCGAAGGGT,26,34.62,60.91
OC6_TK,OC6_TK_4_RIGHT,2,TCATGCTTTAAAGGGAAGGAGTCC,24,45.83,60.89
OC6_TK,OC6_TK_6_LEFT,2,TTTCCCTTGACACTGTAGGCAC,22,50,60.67
OC6_TK,OC6_TK_6_RIGHT,2,CACCATTTAATTGGTTTGGCCGT,23,43.48,60.81
OC6_TK,OC6_TK_8_LEFT,2,TGGCCAAAAGACAAAGAAATTACCT,25,36,60.02
OC6_TK,OC6_TK_8_RIGHT,2,TGATGCTCACCAGGTATGCATG,22,50,60.93
OC6_TK,OC6_TK_10_LEFT,2,TTCACCACATGAGAACGGTTCC,22,50,60.99
OC6_TK,OC6_TK_10_RIGHT,2,TTAAGAGACTGTACCCTGGGCA,22,50,60.68
OC6_TK,OC6_TK_12_LEFT,2,GTGCACTCTACATACCTGCCAC,22,54.55,61.17
OC6_TK,OC6_TK_12_RIGHT,2,TGGATGCAAAACGCCTGTATGA,22,45.45,61.06
OC6_TK,OC6_TK_14_LEFT,2,CTTGAGCCCTTCTGCAGTACAA,22,50,60.73
OC6_TK,OC6_TK_14_RIGHT,2,TGCATTTGCCGTTCAAGCAATT,22,40.91,60.99
OC6_TK,OC6_TK_16_LEFT,2,CCTTGGGAGGTGAAGCTTGAAA,22,50,60.94
OC6_TK,OC6_TK_16_RIGHT,2,TTGAGGGAAAAAGCTCTTCGCA,22,45.45,60.93
OC6_TK,OC6_TK_18_LEFT,2,AAGGGTTGCCCAAAGTATGTCC,22,50,61.01
OC6_TK,OC6_TK_18_RIGHT,2,AGTGTGGTGTCACTGTCGAATG,22,50,60.98
OC6_TK,OC6_TK_20_LEFT,2,ACTATGAGCCACTCACCTGGAT,22,50,60.81
OC6_TK,OC6_TK_20_RIGHT,2,GCAGAATAGAGATGGCGGATGG,22,54.55,61.11
OC6_TK,OC6_TK_22_LEFT,2,CGACACATCTCCCGTTTATGCT,22,50,60.92
OC6_TK,OC6_TK_22_RIGHT,2,ATGGACATTGGCCTGGAGACTA,22,50,61.09
OC6_TK,OC6_TK_24_LEFT,2,TGGTGGGAATACAGTGAGTGACT,23,47.83,61.27
OC6_TK,OC6_TK_24_RIGHT,2,AATTGCTTTCCTTGGTCTGCCT,22,45.45,60.94
OC6_TK,OC6_TK_26_LEFT,2,GAAAGGTGACAACTGACAGCCT,22,50,60.93
OC6_TK,OC6_TK_26_RIGHT,2,AGTCCATTTCTACTGACGTGCA,22,45.45,59.88
PCK_TK,PCK_TK_2_LEFT,2,TGTTCAGCTGAAAATCGTCTGGA,23,43.48,60.75
PCK_TK,PCK_TK_2_RIGHT,2,GTCTTGTCCGGTAGGGAGTACA,22,54.55,61.06
PCK_TK,PCK_TK_4_LEFT,2,GTTCTGGTTCGAGATACGGTCG,22,54.55,60.97
PCK_TK,PCK_TK_4_RIGHT,2,CCCCTTCTTTCCGTTTCCTCTG,22,54.55,61.06
PEC2_TK,PEC2_TK_2_LEFT,2,AAAGACCAGAAGAGAACGGCAC,22,50,60.99
PEC2_TK,PEC2_TK_2_RIGHT,2,CCAAACCAGAACACCGGAATCT,22,50,61
PEC2_TK,PEC2_TK_4_LEFT,2,GGTTTCGTGCGTAAATGTTGCA,22,45.45,61.03
PEC2_TK,PEC2_TK_4_RIGHT,2,TTACCGGTAGCAAAAGTGTCGG,22,50,61.05
PEC2_TK,PEC2_TK_6_LEFT,2,GGCTATGGCTTCTCCGATTGTC,22,54.55,61.3
PEC2_TK,PEC2_TK_6_RIGHT,2,CGTGTAAAGCAGGGTTCCAAGA,22,50,60.99
PEC2_TK,PEC2_TK_8_LEFT,2,TTTTGTTCCAATCGCACGTGTG,22,45.45,60.97
PEC2_TK,PEC2_TK_8_RIGHT,2,GCGTACGGTTACTCCAAGTCTC,22,54.55,60.91
PIRL_TK,PIRL_TK_2_LEFT,2,GTTCAACATCTACGTCGCGAGA,22,50,60.9
PIRL_TK,PIRL_TK_2_RIGHT,2,ATCTGATAGGTGAGGCATCCGT,22,50,60.94
PIRL_TK,PIRL_TK_4_LEFT,2,GGAGGAGAAACAGAAGAAGGCG,22,54.55,61.11
PIRL_TK,PIRL_TK_4_RIGHT,2,CGCATCTGACAGAATTGCAACC,22,50,60.91
PIRL_TK,PIRL_TK_6_LEFT,2,TAACGGCGCTGAAAGGATTGAT,22,45.45,60.86
PIRL_TK,PIRL_TK_6_RIGHT,2,TGTGCAAACAGCCTATGGACTC,22,50,61.06
PIRL_TK,PIRL_TK_8_LEFT,2,AACCTCAATCGGCGACATGAAA,22,45.45,61.05
PIRL_TK,PIRL_TK_8_RIGHT,2,CGGAGGAATCACCAACGGATTT,22,50,61.12
PK1_TK,PK1_TK_2_LEFT,2,AAATACGAGAAGGGGAGGCTCA,22,50,61.08
PK1_TK,PK1_TK_2_RIGHT,2,AGTTCACCACCGGAGACATACT,22,50,61.01
PK1_TK,PK1_TK_4_LEFT,2,ATTTCGGATTCTCTGCTCTGCC,22,50,60.93
PK1_TK,PK1_TK_4_RIGHT,2,ATCCGCCATCAAAAGCTTCGAT,22,45.45,61.19
PMEI_TK,PMEI_TK_2_LEFT,2,TATGTCACTGTTGGGTGCTTGG,22,50,61
PMEI_TK,PMEI_TK_2_RIGHT,2,GAAACGTAAGAAAGAAAAGGGTGGA,25,40,60.08
PMEI_TK,PMEI_TK_4_LEFT,2,CGTCATCTTTCGGGGGATCAAA,22,50,60.86
PMEI_TK,PMEI_TK_4_RIGHT,2,TTGGACGTCCATGGAAGGAGTA,22,50,61.01
PMEI_TK,PMEI_TK_6_LEFT,2,ACGATGCAATTCTGGTTGTCCA,22,45.45,61
PMEI_TK,PMEI_TK_6_RIGHT,2,GTTTCCGGCGACTTTTTCATCG,22,50,61.15
PMEI_TK,PMEI_TK_8_LEFT,2,ACGTCGAAACTCCGTCAATGAA,22,45.45,60.72
PMEI_TK,PMEI_TK_8_RIGHT,2,CCCAATCGGCGTTTGCTTTATC,22,50,60.97
PMEI_TK,PMEI_TK_10_LEFT,2,CATCCAGATCTTCAGCTGCACA,22,50,60.86
PMEI_TK,PMEI_TK_10_RIGHT,2,CGAGGAAGAGGCAGAACATACG,22,54.55,60.97
PMIP1B_TK,PMIP1B_TK_2_LEFT,2,GAGACTCGGAGCCAACAAGTTT,22,50,60.99
PMIP1B_TK,PMIP1B_TK_2_RIGHT,2,TACCTGAGATACCAGCAGTGCA,22,50,61.07
PMIP1B_TK,PMIP1B_TK_4_LEFT,2,GACATTCGGTTTGCTATTGGCG,22,50,60.97
PMIP1B_TK,PMIP1B_TK_4_RIGHT,2,GAGAGGAGCCAAAATCTGCGAT,22,50,60.93
PMIP1B_TK,PMIP1B_TK_6_LEFT,2,GCGGTGTTCTTGGTTCATTTGG,22,50,61.04
PMIP1B_TK,PMIP1B_TK_6_RIGHT,2,AACATCAAACAACAACCCAACAGA,24,37.5,60.1
PP2A-3_TK,PP2A-3_TK_2_LEFT,2,GATGAGTGTGGATCTGGCTTCG,22,54.55,61.24
PP2A-3_TK,PP2A-3_TK_2_RIGHT,2,CGCTCGTAAAATGCAATCCCAG,22,50,60.72
PP2A-3_TK,PP2A-3_TK_4_LEFT,2,AAGAGCTGCATTGTGACTTTGAA,23,39.13,59.62
PP2A-3_TK,PP2A-3_TK_4_RIGHT,2,TGTCTGAATCACGGATGTTGACA,23,43.48,60.5
PP2A-3_TK,PP2A-3_TK_6_LEFT,2,CAGATATTTTGGCATGCCCTTGT,23,43.48,60.12
PP2A-3_TK,PP2A-3_TK_6_RIGHT,2,ACCCCTAACTTAAACGTAACACGA,24,41.67,60.28
PP2A-3_TK,PP2A-3_TK_8_LEFT,2,TGTCTGGTAATAATGGCTGTGCT,23,43.48,60.31
PP2A-3_TK,PP2A-3_TK_8_RIGHT,2,CTGAACGTTGCTTTCAGCCATT,22,45.45,60.47
PP2A-3_TK,PP2A-3_TK_10_LEFT,2,ACATTCACGGGCAGTTTCATGA,22,45.45,61
PP2A-3_TK,PP2A-3_TK_10_RIGHT,2,ACTTTCAGAGCCACCAAAAGCT,22,45.45,60.87
PP2A-3_TK,PP2A-3_TK_12_LEFT,2,GGTACGGAAGTGCTAATGTTTGG,23,47.83,60.12
PP2A-3_TK,PP2A-3_TK_12_RIGHT,2,ACACATTGGACCTTCATGTGGG,22,50,61
PP2A-3_TK,PP2A-3_TK_14_LEFT,2,ACACCTTTGGCCAGGTAACAAT,22,45.45,60.61
PP2A-3_TK,PP2A-3_TK_14_RIGHT,2,GTGACCCTTGCAATCATCCACT,22,50,61.06
PPMK1_TK,PPMK1_TK_2_LEFT,2,ATTTTGGCCGGAATCTCCCAAA,22,45.45,61.01
PPMK1_TK,PPMK1_TK_2_RIGHT,2,GAGCTCGAGATGCCATGCTTAA,22,50,60.98
PPMK1_TK,PPMK1_TK_4_LEFT,2,TGCATCACTCGCTTGCTCTATC,22,50,60.98
PPMK1_TK,PPMK1_TK_4_RIGHT,2,AGGACAAAATTCTCCCTGCCAC,22,50,61
PPMK1_TK,PPMK1_TK_6_LEFT,2,ACCACCAACCACCTCTTCTAGT,22,50,60.88
PPMK1_TK,PPMK1_TK_6_RIGHT,2,TCCCTACCACCTTTCACCTCAA,22,50,60.89
PPMK1_TK,PPMK1_TK_8_LEFT,2,GTTAATGGAAGCCCACGTGACT,22,50,61.06
PPMK1_TK,PPMK1_TK_8_RIGHT,2,CCCTTTTGTGGAATATGCAGTGC,23,47.83,60.93
PPMK1_TK,PPMK1_TK_10_LEFT,2,ACTTGCCTGGAAGTGGATTGAA,22,45.45,60.34
PPMK1_TK,PPMK1_TK_10_RIGHT,2,TTTTAGAGAGGCCGAATGCAGG,22,50,60.86
PPMK2_TK,PPMK2_TK_2_LEFT,2,TTTTAGAGAGGCCGAATGCAGG,22,50,60.86
PPMK2_TK,PPMK2_TK_2_RIGHT,2,CCGTCCATGACTGAAAGGTGAA,22,50,60.73
PPMK2_TK,PPMK2_TK_4_LEFT,2,TCCACTTCCAGGCAAGTTTCAT,22,45.45,60.34
PPMK2_TK,PPMK2_TK_4_RIGHT,2,GATGAAGAGCACCTCATTACGGT,23,47.83,60.68
PPMK2_TK,PPMK2_TK_6_LEFT,2,AGTCACGTGGGCTTCCATTAAC,22,50,61.06
PPMK2_TK,PPMK2_TK_6_RIGHT,2,ACTTCCAACTTTACCTTGGGCC,22,50,60.94
PPMK2_TK,PPMK2_TK_8_LEFT,2,CCTCTTCTCAGGTTCTCTCCTCT,23,52.17,60.57
PPMK2_TK,PPMK2_TK_8_RIGHT,2,CCCCAAGTAACTGCAAACAACG,22,50,60.72
PPMK2_TK,PPMK2_TK_10_LEFT,2,AGGCAAATGCAACACTTGAAGC,22,45.45,60.98
PPMK2_TK,PPMK2_TK_10_RIGHT,2,TTAAGCATGGCATCTCGAGCTC,22,50,60.98
PPMK2_TK,PPMK2_TK_12_LEFT,2,CAGGTTTCACATGCGCGAAATG,22,50,61.71
PPMK2_TK,PPMK2_TK_12_RIGHT,2,CCACGAGGGTCTTCTCTTACCA,22,54.55,61.33
PPO_TK,PPO_TK_2_LEFT,2,CTCAACTGTTACCGTAGCTGGC,22,54.55,61.42
PPO_TK,PPO_TK_2_RIGHT,2,AGGACCTTCTTCCCACAGGTAG,22,54.55,61.01
PPO_TK,PPO_TK_4_LEFT,2,AACAGCTTCCAGCCATCTGATG,22,50,61.13
PPO_TK,PPO_TK_4_RIGHT,2,GTACAAACTGGGGGTGAAGGAC,22,54.55,60.99
PPO_TK,PPO_TK_6_LEFT,2,TCGGTTGAGGAGTTTGTTCGTC,22,50,60.98
PPO_TK,PPO_TK_6_RIGHT,2,GGGTCCCGAGTAGGCTTTTTAC,22,54.55,60.86
PPO_TK,PPO_TK_8_LEFT,2,TATTACCTGGCAGGAGGCTACC,22,54.55,61.21
PPO_TK,PPO_TK_8_RIGHT,2,AATTCATCTGCTGCACCCAACT,22,45.45,61
PTRP1_TK,PTRP1_TK_2_LEFT,2,TAAAGAAACCATGGGTGCGTCT,22,45.45,60.41
PTRP1_TK,PTRP1_TK_2_RIGHT,2,GATTCCTCCATACCCACTTGGC,22,54.55,60.93
PTRP1_TK,PTRP1_TK_4_LEFT,2,TGAATGTGACTCTACGGGAGCT,22,50,61.07
PTRP1_TK,PTRP1_TK_4_RIGHT,2,TTCACGGCGATCTATCCCCATA,22,50,61
PUCP7_TK,PUCP7_TK_2_LEFT,2,GCGATTTTCTCACACATCGACC,22,50,60.4
PUCP7_TK,PUCP7_TK_2_RIGHT,2,TCTTGAAGTAGAATGAAATCTTGAAGTAGT,30,30,59.86
PUCP7_TK,PUCP7_TK_4_LEFT,2,CAAACAACAATTTTGAAGGACTTTTTCAG,29,31.03,60.32
PUCP7_TK,PUCP7_TK_4_RIGHT,2,GACACCTGTCCATACGGTATGC,22,54.55,60.98
PUCP7_TK,PUCP7_TK_6_LEFT,2,TCATCACCAGGGGGATGAAGAA,22,50,61.02
PUCP7_TK,PUCP7_TK_6_RIGHT,2,GGGTTTCTCGAATCTTTTGCGG,22,50,60.59
RBP45A_TK,RBP45A_TK_2_LEFT,2,AATCAGCAGTCGCAGCAGTATT,22,45.45,60.86
RBP45A_TK,RBP45A_TK_2_RIGHT,2,TTGACGGCATCAGTGTTCCATT,22,45.45,61
RBP45A_TK,RBP45A_TK_4_LEFT,2,AGGGAGCTAAAGTCGTCACTGA,22,50,61
RBP45A_TK,RBP45A_TK_4_RIGHT,2,ACGTACCTTTCTGCATACCACC,22,50,60.54
RBP45A_TK,RBP45A_TK_6_LEFT,2,GTCTCAAAAGCAGGACCCAGAG,22,54.55,61.05
RBP45A_TK,RBP45A_TK_6_RIGHT,2,GTTGAATGACTCGATATGGCAGGA,24,45.83,61.06
RBP45A_TK,RBP45A_TK_8_LEFT,2,AGGGTTTGGATGCGGATTGTAG,22,50,60.87
RBP45A_TK,RBP45A_TK_8_RIGHT,2,TCAGACGTGGTGCCTAAAACTG,22,50,60.99
RBP45A_TK,RBP45A_TK_10_LEFT,2,AGCACCTTACCAGAGTAGTGCT,22,50,61.01
RBP45A_TK,RBP45A_TK_10_RIGHT,2,TGTGGTTATAGAATACCTGGCAGC,24,45.83,60.77
RBP45A_TK,RBP45A_TK_12_LEFT,2,ACCCTTTTGCTGTATGTTAGACACA,25,40,61.07
RBP45A_TK,RBP45A_TK_12_RIGHT,2,AGAAGCAAGAAACTGATGAGCAAT,24,37.5,59.56
REF_TK,REF_TK_2_LEFT,2,ATGCAGGCTAAGGTCGAGAATG,22,50,60.67
REF_TK,REF_TK_2_RIGHT,2,TGGAGTTTGTTATACCGCCGAC,22,50,60.85
REF_TK,REF_TK_4_LEFT,2,GTTTACGCCTCCATAACCCTCC,22,54.55,60.93
REF_TK,REF_TK_4_RIGHT,2,CTGCATCTTCCAAAGCCTCGAT,22,50,61.18
REF_TK,REF_TK_6_LEFT,2,GGTGATGGACAACACAGCTTCT,22,50,60.99
REF_TK,REF_TK_6_RIGHT,2,CAACCTCCAAACCACCATTTGC,22,50,60.99
SAS1_TK,SAS1_TK_2_LEFT,2,TTTATCGAAATCATCCCCGGCC,22,50,60.99
SAS1_TK,SAS1_TK_2_RIGHT,2,ACCGGCCGGAAAATCATCATAG,22,50,60.99
SAS1_TK,SAS1_TK_4_LEFT,2,TGTTACCTGGGTTTTTCCGTCG,22,50,61.24
SAS1_TK,SAS1_TK_4_RIGHT,2,GAAATCACCACCAAAGCCAACG,22,50,61.04
SOC1_TK,SOC1_TK_2_LEFT,2,GTTCTCCTGATTTCCGGTGGTC,22,54.55,61.12
SOC1_TK,SOC1_TK_2_RIGHT,2,TTGAGCAACTACAAGCGAAGGT,22,45.45,60.67
SOC1_TK,SOC1_TK_4_LEFT,2,GTAGACTTGCATCTAAAACGTCAAGT,26,38.46,60.29
SOC1_TK,SOC1_TK_4_RIGHT,2,TACCACACACACACACACACAC,22,50,61.37
SOC1_TK,SOC1_TK_6_LEFT,2,TGGAATAGGTGAAGGAGGTGGA,22,50,60.41
SOC1_TK,SOC1_TK_6_RIGHT,2,GCTGATGTAGCCACAAATTGCT,22,45.45,60.01
SOC1_TK,SOC1_TK_8_LEFT,2,CACATACAATGCAAACTGGAATGC,24,41.67,59.98
SOC1_TK,SOC1_TK_8_RIGHT,2,TTGGTGTTGCAGCATTTGAAGC,22,45.45,61.24
SOC1_TK,SOC1_TK_10_LEFT,2,AGTCTCCTGCATGCTGATTGAA,22,45.45,60.21
SOC1_TK,SOC1_TK_10_RIGHT,2,GGGCATGTGACCTAGCTAGTTG,22,54.55,60.92
SOC1_TK,SOC1_TK_12_LEFT,2,TCCTCTACAAGTAGATTATATGTGGGGA,28,39.29,60.99
SOC1_TK,SOC1_TK_12_RIGHT,2,TTGACTCATTGTCTGGCCTGTT,22,45.45,60.34
SOC1_TK,SOC1_TK_14_LEFT,2,ACGGGTTGACATCACTTCATAGT,23,43.48,59.99
SOC1_TK,SOC1_TK_14_RIGHT,2,TGAATTTCCAAGCTCACAAGTTCC,24,41.67,60.28
SOC1_TK,SOC1_TK_16_LEFT,2,GTGTGTGATTGTGTACGCATATGT,24,41.67,60.22
SOC1_TK,SOC1_TK_16_RIGHT,2,AGGGAAGACTCAAATGCGAAGG,22,50,60.8
SQE1_TK,SQE1_TK_2_LEFT,2,AAGGCCTGCAGATTCTTCTTCG,22,50,61.12
SQE1_TK,SQE1_TK_2_RIGHT,2,CCTAACCAGAACCGTAGAAGCA,22,50,59.95
SQE1_TK,SQE1_TK_4_LEFT,2,CGGTTTTGATTTGGCATGTCGT,22,45.45,60.78
SQE1_TK,SQE1_TK_4_RIGHT,2,TGACTTTGATTTTACAAGGCGTGT,24,37.5,59.98
SQE1_TK,SQE1_TK_6_LEFT,2,CGTAATTCACGTAAACGGCAAAC,23,43.48,59.65
SQE1_TK,SQE1_TK_6_RIGHT,2,TCGTAACAACTTTTGCCTTTTTCTGA,26,34.62,60.79
SQE1_TK,SQE1_TK_8_LEFT,2,ACATTCCAATCCACTATGCAAATATCG,27,37.04,60.8
SQE1_TK,SQE1_TK_8_RIGHT,2,GCCTCGATTCCATCCACACAAT,22,50,61.19
SQE1_TK,SQE1_TK_10_LEFT,2,AGACGGAATAGTCAACGGGGTA,22,50,60.81
SQE1_TK,SQE1_TK_10_RIGHT,2,ATGGACGGTACTTTTTGACCCG,22,50,61.05
SQE1_TK,SQE1_TK_12_LEFT,2,CCTACCTCAAAACCGTAGTGGC,22,54.55,61.11
SQE1_TK,SQE1_TK_12_RIGHT,2,AATTGGTGACTTGCCTTTCGGA,22,45.45,60.93
SQE1_TK,SQE1_TK_14_LEFT,2,ACTATAAACACACTCGCGGGTG,22,50,60.85
SQE1_TK,SQE1_TK_14_RIGHT,2,GGAAGATAATCCCAGACGCACC,22,54.55,60.99
SQE2_TK,SQE2_TK_2_LEFT,2,CCTCTATAATACGCCGCCACTG,22,54.55,60.85
SQE2_TK,SQE2_TK_2_RIGHT,2,TCTCGGAGGCGTGTTTTCAAAT,22,45.45,60.99
SQE2_TK,SQE2_TK_4_LEFT,2,CTCCCGCCAACGTATTTATCGT,22,50,60.98
SQE2_TK,SQE2_TK_4_RIGHT,2,TCAACATGCGTCATCCTCTCAC,22,50,60.85
SQE2_TK,SQE2_TK_6_LEFT,2,ATTAGTAAAGCGCCGGGAGTTG,22,50,61.18
SQE2_TK,SQE2_TK_6_RIGHT,2,TCTCTTTGCAATCCACAGGTCG,22,50,61.05
SQE2_TK,SQE2_TK_8_LEFT,2,AGCCGTCGCATACAATGGTTAA,22,45.45,60.86
SQE2_TK,SQE2_TK_8_RIGHT,2,GGACGGAAAGAACACTCGACTC,22,54.55,61.1
SQE2_TK,SQE2_TK_10_LEFT,2,GAGCATCGATGTCTTCCACACA,22,50,60.85
SQE2_TK,SQE2_TK_10_RIGHT,2,TTGGCTTGCATTTACATAGCACA,23,39.13,59.74
SQE2_TK,SQE2_TK_12_LEFT,2,TCGTTCAGACGGCAAATCGATT,22,45.45,61.11
SQE2_TK,SQE2_TK_12_RIGHT,2,GTCACGACCAAATCAACCTCGA,22,50,61.04
SQE3_TK,SQE3_TK_2_LEFT,2,TTAAGCAACACGTGTCACCGAT,22,45.45,60.98
SQE3_TK,SQE3_TK_2_RIGHT,2,CTCCACGTATCAGATTGCTCCG,22,54.55,61.04
SQE3_TK,SQE3_TK_4_LEFT,2,CGCCAGCGATATGGATCTGTAG,22,54.55,60.91
SQE3_TK,SQE3_TK_4_RIGHT,2,TTGAAGATTGTGTCCTGGCCAG,22,50,61
SQE3_TK,SQE3_TK_6_LEFT,2,AGCAAGGACGTAAAGTTCGTGT,22,45.45,60.66
SQE3_TK,SQE3_TK_6_RIGHT,2,TTCTGTATGAAACGGCCGTTGT,22,45.45,60.99
SQE3_TK,SQE3_TK_8_LEFT,2,AGCCACTACTCTCCCAAAGTCA,22,50,60.95
SQE3_TK,SQE3_TK_8_RIGHT,2,GGCCGTGATCTGGATATGGAAG,22,54.55,60.79
SQE3_TK,SQE3_TK_10_LEFT,2,CTCAAGTACCCGTTCAAGTCCG,22,54.55,61.1
SQE3_TK,SQE3_TK_10_RIGHT,2,CGTAACTCCACGATGTCGGAAA,22,50,60.85
SQE3_TK,SQE3_TK_12_LEFT,2,ATTTCACCGATGCAGATTCGCT,22,45.45,61.18
SQE3_TK,SQE3_TK_12_RIGHT,2,CATAGCCGGTTAGGTGAGGGTA,22,54.55,61.2
SQE4_TK,SQE4_TK_2_LEFT,2,CCCTTGATTTAATGCTAAAAAGGCGA,26,38.46,61.06
SQE4_TK,SQE4_TK_2_RIGHT,2,GGACGTGGCTTGGTGTTAGATT,22,50,61.06
SQE4_TK,SQE4_TK_4_LEFT,2,ATTCCGTTCTCGCTTCATCAGG,22,50,60.92
SQE4_TK,SQE4_TK_4_RIGHT,2,GTGGAGGAATGACTGTCGCATT,22,50,61.12
SQE4_TK,SQE4_TK_6_LEFT,2,TCTTTCCTTCATCCACTGCAGC,22,50,61.06
SQE4_TK,SQE4_TK_6_RIGHT,2,ATTCTAGCAGACCCTTCACCGA,22,50,61.07
SQE4_TK,SQE4_TK_8_LEFT,2,TGTGGCTCTAATACCATGTCGG,22,50,60.08
SQE4_TK,SQE4_TK_8_RIGHT,2,TGTCAGAGGTGTGCGTTACAAG,22,50,60.98
SQE4_TK,SQE4_TK_10_LEFT,2,TGAACGAATCGTCCGTTGTGAA,22,45.45,60.98
SQE4_TK,SQE4_TK_10_RIGHT,2,ACGTATGCAAGTAGATGGGACC,22,50,60.08
SQE4_TK,SQE4_TK_12_LEFT,2,GTCGATCAATTTCATGAAGCCACC,24,45.83,61.05
SQE4_TK,SQE4_TK_12_RIGHT,2,GCAGCCCTTGCCTATAGTCTTG,22,54.55,61.25
SQS1_TK,SQS1_TK_2_LEFT,2,CGATTGGCAGACATATACGCGT,22,50,61.35
SQS1_TK,SQS1_TK_2_RIGHT,2,TCACCAGGATAGAAGCAGCTCA,22,50,61.07
SQS1_TK,SQS1_TK_4_LEFT,2,ACACATCAGCCATGGTTTTGGT,22,45.45,61.21
SQS1_TK,SQS1_TK_4_RIGHT,2,AGTTTTGTGCCATTCCACAGGT,22,45.45,61.14
SQS1_TK,SQS1_TK_6_LEFT,2,CACTGAACAGCCTTGTCAGAGT,22,50,60.67
SQS1_TK,SQS1_TK_6_RIGHT,2,CCATGCCTCAGGGACAGAAAAA,22,50,61
SQS1_TK,SQS1_TK_8_LEFT,2,ACCCTAATCCAACAAGTCCAGC,22,50,60.47
SQS1_TK,SQS1_TK_8_RIGHT,2,CGTTTCTGCTGCCTTTTTGGAG,22,50,61.04
SQS1_TK,SQS1_TK_10_LEFT,2,TGACAAAACAGGGGAATGAGGT,22,45.45,60.01
SQS1_TK,SQS1_TK_10_RIGHT,2,TCTATCTGGTTCTTCGTGCCCT,22,50,61.07
SQS1_TK,SQS1_TK_12_LEFT,2,TGGGATTTCAGGTGGTATGCAA,22,45.45,60.14
SQS1_TK,SQS1_TK_12_RIGHT,2,GGTTACTCGCTGTGGTCAAAGT,22,50,60.99
SQS1_TK,SQS1_TK_14_LEFT,2,TGATGCTCTGAACACAACTCGG,22,50,61.05
SQS1_TK,SQS1_TK_14_RIGHT,2,ACACCGTCTTGTTTCTGTGTGT,22,45.45,60.8
SQS1_TK,SQS1_TK_16_LEFT,2,ACTTACAGCATCACGAAGCTCC,22,50,60.85
SQS1_TK,SQS1_TK_16_RIGHT,2,CGGATCGAGCGGAAAGTAGTTT,22,50,60.91
SQS2_TK,SQS2_TK_2_LEFT,2,TGGCCTTGAGCATTGAGGAAAA,22,45.45,60.94
SQS2_TK,SQS2_TK_2_RIGHT,2,TCATGGCAATTGGAACCCTAGC,22,50,61.13
SQS2_TK,SQS2_TK_4_LEFT,2,ACCTGTGGAATGGCACAAAACT,22,45.45,61.14
SQS2_TK,SQS2_TK_4_RIGHT,2,GCCTCGCGAAATCTGGAGTAAA,22,50,61.17
SQS2_TK,SQS2_TK_6_LEFT,2,AAACATACGCGACTTGGGGATC,22,50,61.18
SQS2_TK,SQS2_TK_6_RIGHT,2,GGTGCAGGGATGGCAAAGTTTA,22,50,61.59
SQS2_TK,SQS2_TK_8_LEFT,2,AGCAGGCATAACCATATGTCCA,22,45.45,59.74
SQS2_TK,SQS2_TK_8_RIGHT,2,TGGGCAGAGGACGATACAAGTA,22,50,60.81
SQS2_TK,SQS2_TK_10_LEFT,2,ACAACCATAACATACCACGAGGG,23,47.83,60.62
SQS2_TK,SQS2_TK_10_RIGHT,2,CGTGAGCTGCTGGTCTTATCTC,22,54.55,60.98
SQS2_TK,SQS2_TK_12_LEFT,2,ACTTTGACCACAGCGAGTAACC,22,50,60.99
SQS2_TK,SQS2_TK_12_RIGHT,2,GTGTACGCGTCTATGTGCATCT,22,50,60.97
SQS2_TK,SQS2_TK_14_LEFT,2,CACGCATTCACGAACTGGAAAA,22,45.45,60.46
SQS2_TK,SQS2_TK_14_RIGHT,2,GCTTCGCGCTTGTTATTCAACA,22,45.45,60.84
SRPP3_TK,SRPP3_TK_2_LEFT,2,AACCCTTGCAATCTTGTCGGTT,22,45.45,61.2
SRPP3_TK,SRPP3_TK_2_RIGHT,2,CAACAACTACAGCCAGAAGCCT,22,50,60.99
SRPP3_TK,SRPP3_TK_4_LEFT,2,GTGACAAACTTAAAGGTGCGTCT,23,43.48,59.94
SRPP3_TK,SRPP3_TK_4_RIGHT,2,GGGGTTCTCAAGTTTGTTGATCG,23,47.83,60.31
SRPP4_TK,SRPP4_TK_2_LEFT,2,TAGCTTCTTCCCCTCCAAGTCC,22,54.55,61.35
SRPP4_TK,SRPP4_TK_2_RIGHT,2,CAAGTGTAAAGGAGACGGCCAA,22,50,60.99
SRPP4_TK,SRPP4_TK_4_LEFT,2,CAGTACGCTATCCAATTGGGCA,22,50,60.93
SRPP4_TK,SRPP4_TK_4_RIGHT,2,AAGACTCCTTGGACAGGACCAA,22,50,61.15
SRPP4_TK,SRPP4_TK_6_LEFT,2,AGCACATCATCATTTTACACCTTCA,25,36,59.67
SRPP4_TK,SRPP4_TK_6_RIGHT,2,TGCATCTCACTAAAGCACCCAC,22,50,61.06
SRPP4_TK,SRPP4_TK_8_LEFT,2,AACAACTTGTCCATTCCAGCCA,22,45.45,60.87
SRPP4_TK,SRPP4_TK_8_RIGHT,2,AAACGTGGGTCATGTGAAGCTT,22,45.45,61.19
SRPP4_TK,SRPP4_TK_10_LEFT,2,TCAGCAAACTTTAGGACGCCAT,22,45.45,60.73
SRPP4_TK,SRPP4_TK_10_RIGHT,2,ATGAAACGAGGGTGTTGTGTCA,22,45.45,60.6
SRPP5_TK,SRPP5_TK_2_LEFT,2,CCTAGCAATCTTATCGGTGGGC,22,54.55,61.05
SRPP5_TK,SRPP5_TK_2_RIGHT,2,GGGCAACTCTTTGGGGTTAACT,22,50,60.94
SRPP6_TK,SRPP6_TK_2_LEFT,2,AATTGAAGGTACCGAGCGATGG,22,50,60.92
SRPP6_TK,SRPP6_TK_2_RIGHT,2,TCAGTTGGGGACTCTCTACACC,22,54.55,61.01
SRPP6_TK,SRPP6_TK_4_LEFT,2,TCGCTGATGAAACAAGCTCCAA,22,45.45,60.99
SRPP6_TK,SRPP6_TK_4_RIGHT,2,CCCTTCTCTGCCGTGTAACAAA,22,50,60.99
SRRP1_TK,SRRP1_TK_2_LEFT,2,TCGTTCTTGTTTCCAAAAGGTTCA,24,37.5,59.86
SRRP1_TK,SRRP1_TK_2_RIGHT,2,ACTGACTCGTCAACCTGAAAGC,22,50,60.98
SRRP2_TK,SRRP2_TK_2_LEFT,2,TCTTGATCATGGCCGAAAACGA,22,45.45,60.8
SRRP2_TK,SRRP2_TK_2_RIGHT,2,TGGAATTGCAGTGAGGAAAAGGT,23,43.48,60.95
SRRP2_TK,SRRP2_TK_4_LEFT,2,AGATCGCTCTACACAGAATTGCT,23,43.48,60.12
SRRP2_TK,SRRP2_TK_4_RIGHT,2,CGCTTGGTTTTAGTGGACCAGA,22,50,60.99
SRRP2_TK,SRRP2_TK_6_LEFT,2,GCTTACCAAAAGTTCCATGGCG,22,50,60.85
SRRP2_TK,SRRP2_TK_6_RIGHT,2,CCTTGTACCCTTTTTCAGCCGA,22,50,60.99
STKWNK_TK,STKWNK_TK_2_LEFT,2,GAGATGGTGGGCTCAGGAACTA,22,54.55,61.4
STKWNK_TK,STKWNK_TK_2_RIGHT,2,ACAGTGACTTACAGGCTACCGA,22,50,61
SYP124_TK,SYP124_TK_2_LEFT,2,GTTCTTCCACGACGTCGAGAAT,22,50,60.84
SYP124_TK,SYP124_TK_2_RIGHT,2,TGCCTGAAAGTCGTCCATCATG,22,50,61.12
SYP124_TK,SYP124_TK_4_LEFT,2,GCGAGAAACCCGATGATGAACT,22,50,61.17
SYP124_TK,SYP124_TK_4_RIGHT,2,AGTTTCCACTAGTTGTTGGGCC,22,50,60.94
TCTP1_TK,TCTP1_TK_2_LEFT,2,CCTCGATGGGATCCTATGGGAA,22,54.55,61.01
TCTP1_TK,TCTP1_TK_2_RIGHT,2,TCCTGGAGTCTGAAGGTGTCAA,22,50,60.88
TCTP2_TK,TCTP2_TK_2_LEFT,2,CCTCGATGGGATCCTATGGGAA,22,54.55,61.01
TCTP2_TK,TCTP2_TK_2_RIGHT,2,TCCTGGAGTCTGAAGGTGTCAA,22,50,60.88
TLP_TK,TLP_TK_2_LEFT,2,TAGCGTTAGAGGGGCAAAACAC,22,50,61.05
TLP_TK,TLP_TK_2_RIGHT,2,ACGTGCCGATAGAATTTAGCCC,22,50,60.99
UCE9_TK,UCE9_TK_2_LEFT,2,CCCGGTGGCAGAAGATATGTTT,22,50,60.87
UCE9_TK,UCE9_TK_2_RIGHT,2,AGAGCTGGACTCCACTGTTCTT,22,50,61.21
VPE_TK,VPE_TK_2_LEFT,2,CGATCTTACGCCGTAAACCCAT,22,50,60.98
VPE_TK,VPE_TK_2_RIGHT,2,GGTTCACGGAAGTCATGTCACA,22,50,60.99
VPE_TK,VPE_TK_4_LEFT,2,CGGTTTTCTTTGCGGAACCTTC,22,50,61.03
VPE_TK,VPE_TK_4_RIGHT,2,ACGAACAGAAACAATCAGACAACA,24,37.5,59.68
VPE_TK,VPE_TK_6_LEFT,2,ACGAAATCAAAGAATTCAGTGACCA,25,36,59.85
VPE_TK,VPE_TK_6_RIGHT,2,GAAGCATGTGAAGCCGGAAGTA,22,50,61.12
VPE_TK,VPE_TK_8_LEFT,2,ACCTCATTGAGATCGTTTGCGT,22,45.45,60.79
VPE_TK,VPE_TK_8_RIGHT,2,TGGTTGATGTCTTAATACATAACGCC,26,38.46,60.18
VPE_TK,VPE_TK_10_LEFT,2,GGGATATGTTTAACACGTCACAGG,24,45.83,59.98
VPE_TK,VPE_TK_10_RIGHT,2,CCGGTGTTCTTGGTAAGTTGCT,22,50,61.25
VPE_TK,VPE_TK_12_LEFT,2,ATCCCCGAGTAAAACGGCAAAA,22,45.45,61
VPE_TK,VPE_TK_12_RIGHT,2,AAATGGTGGCGTGAAGGAAGAA,22,45.45,60.93
VPE_TK,VPE_TK_14_LEFT,2,TAAGGTCGCGTTACTTGGACAC,22,50,60.79
VPE_TK,VPE_TK_14_RIGHT,2,ACTCCTTAACTGTTTACTTTTGTCCG,26,38.46,60.18
VPE_TK,VPE_TK_16_LEFT,2,TGATTAGAGATCCTACCACTCTAAAACA,28,35.71,59.98
VPE_TK,VPE_TK_16_RIGHT,2,TCGAAAGAATGAAACATCGCCAA,23,39.13,59.75
VPE_TK,VPE_TK_18_LEFT,2,TCATACGGCAAGAAGGTCATAGTG,24,45.83,60.76
VPE_TK,VPE_TK_18_RIGHT,2,ACGATCAGTTTTCGTCGTCGTT,22,45.45,61.03
cluster_4H3M2EDPR_TK,cluster_4H3M2EDPR_TK_2_LEFT,2,TACTTGTAGGGCCTCTTCACGT,22,50,61
cluster_4H3M2EDPR_TK,cluster_4H3M2EDPR_TK_2_RIGHT,2,GGGCATTTTCGTCTTTTGCACA,22,45.45,60.98
cluster_4H3M2EDPR_TK,cluster_4H3M2EDPR_TK_4_LEFT,2,AATCCCACGATCCTCTGCAATC,22,50,60.67
cluster_4H3M2EDPR_TK,cluster_4H3M2EDPR_TK_4_RIGHT,2,GGAGAAACAGAGGAGATAGGTTGG,24,50,60.46
cluster_4H3M2EDPR_TK,cluster_4H3M2EDPR_TK_6_LEFT,2,TGTAGTTTGGTTTGCCACACCA,22,45.45,61.07
cluster_4H3M2EDPR_TK,cluster_4H3M2EDPR_TK_6_RIGHT,2,CCGCCTCTTTTGCAGGAAAGTA,22,50,61.31
cluster_4H3M2EDPR_TK,cluster_4H3M2EDPR_TK_8_LEFT,2,TTTAGACACCCAAGGGCATGTG,22,50,61
cluster_4H3M2EDPR_TK,cluster_4H3M2EDPR_TK_8_RIGHT,2,GATTTTGCTGGGGTGTTGAACG,22,50,61.04
cluster_4H3M2EDPR_TK,cluster_4H3M2EDPR_TK_10_LEFT,2,AGCAAAATTTGAACAACGTCAGC,23,39.13,59.7
cluster_4H3M2EDPR_TK,cluster_4H3M2EDPR_TK_10_RIGHT,2,TGTTCCGGCATAACTTGACCAG,22,50,61.05
cluster_CPT_TK,cluster_CPT_TK_2_LEFT,2,CCCAATCTTACTGATGACTTCCAGG,25,48,61.3
cluster_CPT_TK,cluster_CPT_TK_2_RIGHT,2,GAAGGCGTAGATGGTGACGTAC,22,54.55,60.97
cluster_CPT_TK,cluster_CPT_TK_4_LEFT,2,ATGGAAGCCACCGCTAAAAACT,22,45.45,61
cluster_CPT_TK,cluster_CPT_TK_4_RIGHT,2,ACTTTGATCACCGCCTGACTTC,22,50,61.05
cluster_GGDPS_TK,cluster_GGDPS_TK_2_LEFT,2,ATTAAAGGAGCCGCTTTCCGTT,22,45.45,61.06
cluster_GGDPS_TK,cluster_GGDPS_TK_2_RIGHT,2,GTACTCGGTGCCATTATGGGAG,22,54.55,60.73
cluster_GGDPS_TK,cluster_GGDPS_TK_4_LEFT,2,CCTTCTGAGCCGATACACTTCG,22,54.55,60.97
cluster_GGDPS_TK,cluster_GGDPS_TK_4_RIGHT,2,CGTACGACCGATGCTGTGTATT,22,50,60.97
cluster_GGDPS_TK,cluster_GGDPS_TK_6_LEFT,2,CTCCGATTTTGTTTTCCGGCAG,22,50,60.85
cluster_GGDPS_TK,cluster_GGDPS_TK_6_RIGHT,2,TGGCGTTCTGCAACACTCTTTA,22,45.45,60.92
e4H3M2EDPS1_TK,e4H3M2EDPS1_TK_2_LEFT,2,TCATTCATCTTACTCCTCAACAGGA,25,40,59.67
e4H3M2EDPS1_TK,e4H3M2EDPS1_TK_2_RIGHT,2,GGGAGATGGCAGATGCAGATTT,22,50,60.94
e4H3M2EDPS1_TK,e4H3M2EDPS1_TK_4_LEFT,2,AAAGTTCTACCACAAGACGGGC,22,50,60.99
e4H3M2EDPS1_TK,e4H3M2EDPS1_TK_4_RIGHT,2,CCAAAGGGCATTCCGAGGTAAA,22,50,61.07
e4H3M2EDPS1_TK,e4H3M2EDPS1_TK_6_LEFT,2,TAGCAGCATGTACTCTCCCAGT,22,50,60.81
e4H3M2EDPS1_TK,e4H3M2EDPS1_TK_6_RIGHT,2,GCCTTTACCCAATGCCATGGTA,22,50,61.14
e4H3M2EDPS1_TK,e4H3M2EDPS1_TK_8_LEFT,2,TTTATCGTCTGCAGGTGGAAGC,22,50,61.12
e4H3M2EDPS1_TK,e4H3M2EDPS1_TK_8_RIGHT,2,GGCGTACTTCATCGTGATGGAT,22,50,60.73
e4H3M2EDPS1_TK,e4H3M2EDPS1_TK_10_LEFT,2,ATTAACCTCCTTCTGCACAGGC,22,50,60.8
e4H3M2EDPS1_TK,e4H3M2EDPS1_TK_10_RIGHT,2,AGGGTTTCACTCACAGAACCAC,22,50,60.6
e4H3M2EDPS1_TK,e4H3M2EDPS1_TK_12_LEFT,2,CTCACCAGCTTCTGTTACACCC,22,54.55,61.05
e4H3M2EDPS1_TK,e4H3M2EDPS1_TK_12_RIGHT,2,CTGACAGAAGGGCACAGTTTGA,22,50,60.93
e4H3M2EDPS1_TK,e4H3M2EDPS1_TK_14_LEFT,2,TCCAGGGTTGACACGGATTTTG,22,50,61.26
e4H3M2EDPS1_TK,e4H3M2EDPS1_TK_14_RIGHT,2,GCTGCAACTGTTGAACAGGTTC,22,50,60.97
e4H3M2EDPS1_TK,e4H3M2EDPS1_TK_16_LEFT,2,CGGGTTTTCCTCCTGATGGTTT,22,50,61
e4H3M2EDPS1_TK,e4H3M2EDPS1_TK_16_RIGHT,2,GCAGGGACAATGGATTGGGATT,22,50,61.14
