name	pool	seq	size	%gc	tm (use 65)
FDPS1_TK_1_LEFT	1	TTTGCACCACCAACACTTGAAG	22	45.45	60.27
FDPS1_TK_1_RIGHT	1	AGCCGTACAAGCAGTATTGAAATC	24	41.67	59.98
FDPS1_TK_2_LEFT	2	AGCTATTACATGGCCAATAACAAGA	25	36.00	59.02
FDPS1_TK_2_RIGHT	2	GGTGTATTTGAAGAATATGAGAGCAAG	27	37.04	59.14
FDPS1_TK_3_LEFT	1	GCCTCAATGGATGTGATCAGCT	22	50.00	60.93
FDPS1_TK_3_RIGHT	1	GATCCAGCTTCGGTTGCAAA	20	50.00	59.14
FDPS1_TK_4_LEFT	2	TGAGAGTGTGATACAGTTCCTTCA	24	41.67	59.49
FDPS1_TK_4_RIGHT	2	TGAAAGCATTGGAACTTGCCA	21	42.86	59.07
FDPS1_TK_5_LEFT	1	TTGTTCCTCATTGGCAAGTTCC	22	45.45	59.55
FDPS1_TK_5_RIGHT	1	TGCCATTTCTGAACTTGTTGAAGG	24	41.67	60.52
FDPS1_TK_6_LEFT	2	ACATCCTTCACTTCAACATGTTTCT	25	36.00	59.55
FDPS1_TK_6_RIGHT	2	TATATTGTTGTGCAGTCACCGC	22	45.45	59.50
FDPS1_TK_7_LEFT	1	TTGTACTGAACAATCCTGCGGT	22	45.45	60.41
FDPS1_TK_7_RIGHT	1	TTTCAAACAGCCTCAGGACAGA	22	45.45	60.01
FDPS1_TK_8_LEFT	2	TCTCTCCTACAAGTGTGGTGATC	23	47.83	59.49
FDPS1_TK_8_RIGHT	2	GCCGTATTACATTGACCTAGTTGAC	25	44.00	60.14
FDPS1_TK_9_LEFT	1	AGAACAGTACAGGGTCAGGACT	22	50.00	60.34
FDPS1_TK_9_RIGHT	1	TGCAAATGATGGAATAATTCTTCGC	25	36.00	59.40
FDPS1_TK_10_LEFT	2	TTCTTGAGAATTCTTGGAACATGGT	25	36.00	59.32
FDPS1_TK_10_RIGHT	2	ATGAGTCTCATACACGCAGAGG	22	50.00	59.82
FDPS1_TK_11_LEFT	1	AGAAATTAGGCATGCATGTAATCACA	26	34.62	60.12
FDPS1_TK_11_RIGHT	1	TGTACTCAAGTCCTTTCTGCCA	22	45.45	59.48
FDPS1_TK_12_LEFT	2	CCATGATGTCATCAAGCACAAGG	23	47.83	60.43
FDPS1_TK_12_RIGHT	2	TGGTTGGTGTGTTGAATGGGTA	22	45.45	60.28
FDPS1_TK_13_LEFT	1	ATCATGCAATGTAATGAAAGGAACG	25	36.00	59.11
FDPS1_TK_13_RIGHT	1	CGTGGACTCTCTGTTGTTGACA	22	50.00	60.66
FDPS1_TK_14_LEFT	2	CTCTTCTGTTAGTTCTCCGCCT	22	50.00	59.69
FDPS1_TK_14_RIGHT	2	ACTTCTGCAGATGCTTGACTACA	23	43.48	60.25
FDPS1_TK_15_LEFT	1	TCCAGGTACATTGTAGTCAAGCA	23	43.48	59.68
FDPS1_TK_15_RIGHT	1	CCATCTTCTAGGAGAGGACTATAGC	25	48.00	59.50
FDPS1_TK_16_LEFT	2	TGCAATTCGTGGAAAGCTATAGTC	24	41.67	59.74
FDPS1_TK_16_RIGHT	2	CGATTCTCTTCACTTGACTTATTTCCA	27	37.04	60.16
FDPS1_TK_17_LEFT	1	TAATTCAACGCTTCAACGCTGT	22	40.91	59.63
FDPS1_TK_17_RIGHT	1	CAACCAACGACTATGTAAACGCA	23	43.48	60.06
FDPS1_TK_18_LEFT	2	AGATCGTCATTATATGTTAAAGCACCT	27	33.33	59.34
FDPS1_TK_18_RIGHT	2	GTTGCATCAAGGCGCACAA	19	52.63	59.93
FDPS1_TK_19_LEFT	1	TTTGTGCGCCTTGATGCAA	19	47.37	59.18
FDPS1_TK_19_RIGHT	1	GGAGGAGGATTATTGCCACAGT	22	50.00	60.01
FDPS1_TK_20_LEFT	2	ACTAATCACCTGCTAAGCCTAACA	24	41.67	59.85
FDPS1_TK_20_RIGHT	2	CGATTATACATGTTTGTTGCTCATCG	26	38.46	59.85
FDPS1_TK_21_LEFT	1	AAATCGCCCAATCGGATATTCAA	23	39.13	59.11
FDPS1_TK_21_RIGHT	1	TCAAGTCCAAATTTCTCCAAGTTTATG	27	33.33	59.13
FDPS1_TK_22_LEFT	2	TTTCAACCCATTGCCGAGAATC	22	45.45	59.69
FDPS1_TK_22_RIGHT	2	CCACCCAATTTCTCCCTCTCAA	22	50.00	60.14
FDPS1_TK_23_LEFT	1	GAATATGCGATGATCGGCAAGG	22	50.00	60.08
FDPS1_TK_23_RIGHT	1	CACTTGTTGTGTGAGTGTGTGT	22	45.45	59.69
